update_step,total_timesteps,mean_reward,median_reward,mean_space_ratio,mean_items_packed,entropy_loss,value_loss,action_loss,infeasibility_loss
5,2400,-0.0800888867903268,-0.0712592582567595,0.32791111111111115,23.7,4.134379863739014,0.30629807710647583,-0.737263023853302,0.002603480126708746
10,4800,-0.05918518356775167,-0.04837036846583942,0.34477037037037034,28.9,2.7036633491516113,0.13389329612255096,0.6728927493095398,0.0030964072793722153
15,7200,-0.09564444402494701,-0.0778518538136268,0.344,28.8,2.136467456817627,0.23973394930362701,0.3870098292827606,0.003319699317216873
20,9600,-0.12272592581284698,-0.1421481479483191,0.3455407407407407,27.7,2.109738826751709,0.05046878755092621,-0.26996734738349915,0.003274443792179227
25,12000,-0.05451851726975292,-0.04103703741566278,0.29872592592592595,25.7,2.1443569660186768,0.03919386491179466,-0.4303177297115326,0.002930555259808898
30,14400,-0.10115555712836795,-0.10688888841832522,0.33626666666666666,28.7,2.427158832550049,0.07783512026071548,0.6283438205718994,0.002758593298494816
35,16800,-0.08454814699216513,-0.11237036957754754,0.34394074074074077,28.8,2.854464054107666,0.030524136498570442,-0.7263613343238831,0.0024783890694379807
40,19200,0.0034222232017782515,0.0062962962401797995,0.3591111111111111,30.9,2.8151512145996094,0.012084775604307652,0.4779006540775299,0.002716589951887727
45,21600,-0.06682962810446043,-0.04466666762891691,0.3653037037037037,31.1,2.674978256225586,0.009698358364403248,0.210633784532547,0.003056021872907877
50,24000,-0.12691851669951576,-0.09799999829556327,0.35143703703703705,29.5,3.6371331214904785,0.015484398230910301,-0.5217204689979553,0.002800521207973361
55,26400,-0.12659259192296304,-0.11407407742808573,0.37354074074074073,31.5,3.420912265777588,0.01761377975344658,0.3175376057624817,0.0029841207433491945
60,28800,-0.012014813302084804,-0.019777774083195254,0.38705185185185187,30.9,3.055262565612793,0.012015674263238907,-0.07813818752765656,0.003194016171619296
65,31200,-0.10719999861903488,-0.12348148121964186,0.3823111111111111,31.4,2.193851947784424,0.022915923967957497,-0.6803725957870483,0.0035517895594239235
70,33600,-0.16039999779313802,-0.13259258992911782,0.3226666666666667,29.1,2.2409417629241943,0.017990564927458763,0.4835551083087921,0.0034329474437981844
75,36000,-0.12773333334043854,-0.12155555498611648,0.3570666666666667,32.6,2.3741025924682617,0.023085223510861397,-0.4966751039028168,0.0032391792628914118
80,38400,-0.09085925788240275,-0.09703703637933359,0.34518518518518515,25.6,3.5978198051452637,0.011637281626462936,0.4254125654697418,0.0029976298101246357
85,40800,-0.11959999961254653,-0.08155555280973203,0.35155555555555557,29.0,3.431847095489502,0.008765549398958683,0.15743891894817352,0.0027991915121674538
90,43200,-0.08103703642264008,-0.09007407334866002,0.3474074074074074,26.1,3.7702314853668213,0.010133995674550533,-0.2078055441379547,0.0026719688903540373
95,45600,-0.12173333245445975,-0.13592592506029177,0.28968888888888883,25.1,4.484058856964111,0.009929250925779343,-0.025934219360351562,0.002534047933295369
100,48000,-0.13651851833128603,-0.1426666692714207,0.3782814814814815,31.2,4.24707555770874,0.009466629475355148,0.4754587709903717,0.002682394813746214
105,50400,-0.060562960724928415,-0.046962962398538366,0.3488592592592593,26.6,4.285574913024902,0.011640925891697407,-0.28220224380493164,0.0023663693573325872
110,52800,-0.06957036990497727,-0.08096296052099206,0.3378962962962963,27.5,4.025052070617676,0.008411252871155739,-0.1300920695066452,0.0024672779254615307
115,55200,-0.0736148149066139,-0.06533333341940306,0.3582518518518519,28.6,3.9607863426208496,0.006299917120486498,0.20727013051509857,0.002512248232960701
120,57600,-0.06748148027254501,-0.08037037041503936,0.3478518518518518,29.0,3.919785976409912,0.007150001358240843,-0.2298705279827118,0.0024868925102055073
125,60000,-0.13591110998240766,-0.09851851992425509,0.3565333333333333,30.7,4.028879165649414,0.009756279177963734,-0.3973230719566345,0.0026227785274386406
130,62400,-0.08897777811798732,-0.040666667104233056,0.35288888888888886,31.8,4.251035690307617,0.008089585229754448,-0.5062974095344543,0.0025986814871430397
135,64800,-0.12044444215716794,-0.11674073740141466,0.36186666666666667,30.0,4.1489691734313965,0.00783476047217846,-0.05965385586023331,0.0027173543348908424
140,67200,-0.06948147983639501,-0.0820000031235395,0.4020740740740741,29.6,3.762408971786499,0.005700990557670593,0.09944875538349152,0.002899584826081991
145,69600,-0.0846962931274902,-0.07874073798302561,0.4092148148148148,33.8,3.7899389266967773,0.008084752596914768,-0.3923812806606293,0.0028901544865220785
150,72000,-0.024370369156531523,-0.03881481390999397,0.4105185185185185,35.0,4.0135602951049805,0.006247670855373144,-0.19857056438922882,0.0027235341258347034
155,74400,-0.1367851850387524,-0.15733333498064894,0.39712592592592594,31.5,3.7304677963256836,0.006276555825024843,0.11205490678548813,0.0030003171414136887
160,76800,-0.06493333393591456,-0.06748148237238638,0.40942222222222224,36.1,3.8249998092651367,0.006710144225507975,-0.33845239877700806,0.0029058195650577545
165,79200,-0.06934814632113558,-0.058370369086333085,0.38482962962962963,34.7,4.133556365966797,0.007762800436466932,-0.30324897170066833,0.0027903609443455935
170,81600,-0.10383703622646863,-0.10607407304632943,0.398162962962963,33.5,4.060400009155273,0.006576689891517162,0.01568390615284443,0.002713802270591259
175,84000,-0.12157036970602349,-0.12244444368116092,0.3610962962962963,30.8,4.276124954223633,0.007309839129447937,0.09537488967180252,0.002584453672170639
180,86400,-0.06657777541113319,-0.08014814299531281,0.37057777777777773,29.9,4.50137186050415,0.0050529539585113525,-0.17037223279476166,0.002407119842246175
185,88800,-0.11610370453563519,-0.131407409964595,0.3723851851851852,30.5,4.441371440887451,0.007572338916361332,-0.020880810916423798,0.002345802029594779
190,91200,-0.12294814719934948,-0.12059259273519274,0.350962962962963,30.8,4.333093166351318,0.0063433777540922165,-0.12066912651062012,0.0024494375102221966
195,93600,-0.13284444243035978,-0.13140740523522254,0.3905777777777778,34.8,4.272564888000488,0.005167983006685972,-0.00922856293618679,0.0023830588907003403
200,96000,-0.10989629595715086,-0.07881481532240286,0.3574814814814815,29.0,4.438211441040039,0.005659622605890036,0.0009314219350926578,0.0024578708689659834
205,98400,-0.06663703584054019,-0.07999999822641257,0.34776296296296294,25.1,4.640891075134277,0.005787115078419447,-0.05257444456219673,0.0023392222356051207
210,100800,-0.192162962720613,-0.18859259544115048,0.33499259259259256,27.6,4.342101573944092,0.009042053483426571,-0.36229851841926575,0.002589467680081725
215,103200,-0.22023703471495537,-0.19837036689568777,0.35256296296296297,31.2,4.157594680786133,0.009758726693689823,-0.1261877417564392,0.0025358989369124174
220,105600,-0.10600000106060178,-0.10311111334885936,0.34293333333333337,27.9,4.06230354309082,0.0076619889587163925,-0.04180269315838814,0.002540449146181345
5,2400,-0.06277036943502026,-0.06385185108229052,0.3169185185185185,23.6,4.647559642791748,0.027216291055083275,-0.048540689051151276,0.0025095324963331223
10,4800,-0.16837036921351684,-0.1520740712294355,0.3356740740740741,27.9,4.631446361541748,0.022106902673840523,-0.2871239483356476,0.0024554955307394266
15,7200,-0.2181185167049989,-0.16014814683876466,0.37161481481481484,28.4,4.269609451293945,0.015798652544617653,-0.3042069375514984,0.002806868636980653
20,9600,-0.2547555555240251,-0.2760740771482233,0.3761777777777777,29.5,4.28726863861084,0.011429176665842533,-0.29803329706192017,0.0027149273082613945
25,12000,-0.14951110900583445,-0.1406666653128923,0.3342222222222222,27.1,4.409506797790527,0.015457629226148129,-0.4431537091732025,0.0023087088484317064
5,2400,-0.18204444369912381,-0.23199999942880822,0.3720888888888889,29.9,3.719085693359375,0.1467183381319046,-0.6341717839241028,0.0027948750648647547
10,4800,-0.20782222241105047,-0.21125925763044506,0.3426666666666666,27.2,3.565180778503418,0.14567556977272034,-0.34076353907585144,0.0028987545520067215
15,7200,-0.03875555507256649,-0.035851848078891635,0.376,29.8,2.9264822006225586,0.09251463413238525,-0.5828406810760498,0.002967668930068612
20,9600,-0.04299259257968515,-0.011777778403484263,0.3754074074074074,32.3,2.948518753051758,0.18481193482875824,0.48982375860214233,0.003349010832607746
25,12000,-0.05434074051299831,-0.02985185348370578,0.36645925925925926,31.7,2.716646194458008,0.05744510516524315,-0.2142898440361023,0.0033048479817807674
30,14400,-0.1056296284761629,-0.11533333115221467,0.3280592592592593,27.3,3.1626574993133545,0.019690031185746193,-0.20615288615226746,0.0033949960488826036
35,16800,-0.09037037015077658,-0.10237037113984115,0.3248296296296297,27.2,3.2698111534118652,0.07834535092115402,0.5676079392433167,0.0029609017074108124
40,19200,-0.1489925924804993,-0.1618518494651653,0.34874074074074074,30.0,2.7423453330993652,0.06962978839874268,-0.5843889117240906,0.002998099662363529
45,21600,-0.07922962985612685,-0.019777779438300058,0.37525925925925924,31.1,2.560788154602051,0.013512159697711468,-0.05470094829797745,0.0030245035886764526
50,24000,-0.05546666567970533,-0.07362962991464883,0.3907555555555555,31.0,2.07666015625,0.007857941091060638,-0.23717118799686432,0.0031280473340302706
55,26400,-0.05902222258300753,-0.07518518216966186,0.3672,32.0,2.1792094707489014,0.01379951648414135,-0.18721963465213776,0.003094498999416828
60,28800,-0.09404444354731822,-0.08362962669343688,0.3350222222222222,30.4,3.2801101207733154,0.006373133044689894,0.03988926485180855,0.0024657277390360832
65,31200,-0.012103702483000234,-0.003999997687060386,0.3760296296296296,28.8,3.268782377243042,0.006151439156383276,0.15730026364326477,0.00240776757709682
70,33600,-0.09444444419204956,-0.08044444135157391,0.3572444444444444,30.8,3.0247082710266113,0.010714582167565823,-0.035398878157138824,0.0028805399779230356
75,36000,-0.01875555535516469,-0.002666662541741971,0.4022222222222222,33.3,2.933877468109131,0.014886888675391674,-0.4439324736595154,0.002762922551482916
80,38400,-0.001214812765829265,0.002296297185239382,0.39496296296296296,30.6,3.4567060470581055,0.0072656720876693726,0.07437584549188614,0.002575487596914172
85,40800,-0.04125925827975152,-0.04074073734955164,0.38936296296296297,32.9,3.467630386352539,0.00933926086872816,0.07168169319629669,0.002782257739454508
90,43200,-0.0539851843030192,-0.025999999794294126,0.3532148148148148,29.8,3.1350865364074707,0.009173492901027203,-0.24941222369670868,0.0025538422632962465
95,45600,-0.08411851738201222,-0.09770370480691781,0.3864592592592592,30.8,3.4339828491210938,0.009739878587424755,-0.3016785979270935,0.002855281112715602
100,48000,-0.020118518035451415,-0.03881481577991508,0.39045925925925923,33.9,3.9929094314575195,0.007423455826938152,0.1929977685213089,0.002691025845706463
105,50400,-0.1516444444976514,-0.15170370560372248,0.3749333333333333,29.9,4.122549533843994,0.00781592633575201,-0.006535721011459827,0.0027155622374266386
110,52800,-0.11997036886314164,-0.11251851674751379,0.3734518518518518,28.9,4.28883695602417,0.012423169799149036,-0.2350931614637375,0.0026345811784267426
115,55200,-0.07586666602583136,-0.07088888717407826,0.3912888888888889,34.3,4.198641777038574,0.009985624812543392,-0.4011189639568329,0.0027577481232583523
120,57600,-0.14315555471839617,-0.16207407609908842,0.38035555555555556,32.9,4.1410675048828125,0.010631539858877659,0.18059183657169342,0.0027041523717343807
125,60000,-0.07152592430647928,-0.08237036835635081,0.36260740740740743,29.7,4.152125835418701,0.00938301719725132,-0.03900225833058357,0.0025946563109755516
130,62400,-0.1451999997574603,-0.16162962806993164,0.36515555555555557,32.3,4.1229448318481445,0.007446372415870428,-0.2615898847579956,0.0026057970244437456
135,64800,-0.0940888890036149,-0.09303703426849097,0.3433777777777777,30.5,4.064073085784912,0.009966856800019741,-0.29119691252708435,0.002696094335988164
140,67200,-0.06877036925725406,-0.034962963007274084,0.3489185185185185,29.7,4.109807968139648,0.010207551531493664,0.23867323994636536,0.002672001952305436
145,69600,-0.10488888873514952,-0.0840740734274732,0.3749333333333333,30.6,4.026544570922852,0.008752692490816116,-0.10759569704532623,0.0027092844247817993
150,72000,-0.19346666737110355,-0.16688888758653775,0.3635555555555555,32.7,4.002187252044678,0.010812105610966682,-0.28665891289711,0.002679837867617607
155,74400,-0.09610370307636913,-0.08103703847154975,0.3795851851851852,31.6,4.165765762329102,0.010325038805603981,-0.2202480137348175,0.002617231570184231
160,76800,-0.14000000055966666,-0.15503703541617142,0.36693333333333333,28.3,4.148575782775879,0.012623193673789501,-0.05922986939549446,0.002634991193190217
165,79200,-0.11884444353345316,-0.10488888610416325,0.38684444444444444,32.6,4.069395542144775,0.008873270824551582,-0.05154244229197502,0.0027804390992969275
170,81600,-0.1403555545315612,-0.12770370610087411,0.36160000000000003,30.1,4.2167229652404785,0.006623702123761177,-0.2687024176120758,0.0028385829646140337
175,84000,-0.0886370359614375,-0.1129629630886484,0.3646518518518519,30.0,4.322656631469727,0.007387497927993536,-0.22606578469276428,0.00269740866497159
180,86400,-0.08346666713623563,-0.08614814946486149,0.34933333333333333,28.5,4.34370756149292,0.007629462517797947,0.047539837658405304,0.002668019849807024
185,88800,-0.10303703534445958,-0.12437036917981459,0.35362962962962957,30.3,4.273778915405273,0.006891913246363401,-0.13313332200050354,0.0026593017391860485
190,91200,-0.06909629708825378,-0.04296296297980007,0.3304592592592593,27.5,4.290596961975098,0.006247066427022219,-0.20965878665447235,0.002475006738677621
195,93600,-0.040770368180528746,-0.05274073999316897,0.386162962962963,29.1,4.067322731018066,0.005699666682630777,0.07486101239919662,0.002634724136441946
200,96000,-0.09062222043139627,-0.10259258837322704,0.35813333333333336,26.3,4.226812839508057,0.005403987132012844,0.03740965574979782,0.0024870987981557846
205,98400,-0.09952592493791598,-0.07133333204546943,0.39238518518518517,32.0,4.197403430938721,0.00543268583714962,0.049053605645895004,0.0024409100878983736
210,100800,-0.08235555571736768,-0.09214815314044245,0.38960000000000006,31.1,4.152576923370361,0.0050283195450901985,0.034891121089458466,0.0023393926676362753
215,103200,-0.09522962970659136,-0.10466666638967581,0.3790814814814815,32.4,4.2022175788879395,0.007968260906636715,-0.1735522300004959,0.002477226546034217
220,105600,-0.050133333662233784,-0.04814814940618817,0.35431111111111113,28.0,4.462338447570801,0.007101972121745348,-0.16887064278125763,0.0022029217798262835
225,108000,-0.02985185144789284,-0.02851851750165224,0.3483259259259259,27.8,4.3932037353515625,0.010308986529707909,0.06567074358463287,0.002177031245082617
230,110400,-0.09294814755121479,-0.08525925965659553,0.36376296296296295,30.4,4.236245155334473,0.006801455281674862,0.37286433577537537,0.0024406856391578913
235,112800,-0.13623703483171995,-0.1451851814344991,0.3758518518518518,29.7,4.326898097991943,0.007227884605526924,0.23162737488746643,0.0028058618772774935
240,115200,-0.15245925886556505,-0.15703703623148613,0.3363851851851852,27.3,4.844244956970215,0.006819150410592556,-0.06086871773004532,0.002431171480566263
245,117600,-0.0739703699509846,-0.07577777985716239,0.3840296296296296,29.2,4.642447471618652,0.010269156657159328,-0.6067718863487244,0.0025681364350020885
250,120000,-0.10868148096487858,-0.0894074104144238,0.3678518518518518,30.4,4.302661418914795,0.008698375895619392,-0.4464521110057831,0.002720761578530073
255,122400,-0.17149629560881294,-0.16229629372537602,0.3742814814814815,33.4,4.530771255493164,0.006201816722750664,0.07501842826604843,0.002600316656753421
260,124800,-0.12063703496969538,-0.12007407161581796,0.3876740740740741,32.4,4.536421775817871,0.006813603453338146,0.28555482625961304,0.002514549298211932
265,127200,-0.12038518344052136,-0.11251852012355812,0.35783703703703706,31.9,4.451966285705566,0.0069123380817472935,0.03066175803542137,0.002550881588831544
270,129600,-0.11894814665720332,-0.16259259278012905,0.36562962962962964,29.7,4.312467575073242,0.006728501059114933,-0.4639926254749298,0.0024580322206020355
275,132000,-0.14140740750153782,-0.13829629730025772,0.35712592592592596,30.3,3.78129243850708,0.011223778128623962,-0.41743507981300354,0.002541888738051057
280,134400,-0.05557036823447561,-0.08377777564601274,0.3620740740740741,30.0,3.698873519897461,0.007000142242759466,-0.16302545368671417,0.0026358459144830704
285,136800,-0.08017777746426873,-0.08140740770613775,0.4089777777777778,34.7,3.926701068878174,0.006753804162144661,0.25840097665786743,0.0026493072509765625
290,139200,-0.07521481139992829,-0.05592592559696641,0.37807407407407406,30.4,4.538875579833984,0.005915789864957333,0.36094024777412415,0.0022621219977736473
295,141600,-0.08014814776252024,-0.08029629866359755,0.37451851851851853,31.8,4.386580944061279,0.006568334065377712,-0.31931647658348083,0.00237419456243515
300,144000,-0.11826666532142553,-0.1221481463580858,0.4017777777777778,32.9,4.331533908843994,0.008272897452116013,-0.3555380403995514,0.002137205796316266
305,146400,-0.09472592508973321,-0.11118518340663286,0.33647407407407404,26.8,3.880857229232788,0.010633286088705063,-0.3241240084171295,0.0025674104690551758
310,148800,-0.09680000066873617,-0.11229629762237892,0.35084444444444446,29.5,4.041481018066406,0.005226237699389458,0.0915103629231453,0.0021377403754740953
315,151200,-0.02022222082305234,0.005925926088821143,0.3960888888888889,31.2,3.941931962966919,0.005187219474464655,0.25764772295951843,0.0023620452266186476
320,153600,-0.06959999949031044,0.00029629738128278404,0.3528,32.2,3.8045296669006348,0.005460318643599749,-0.2903004288673401,0.002526457654312253
325,156000,-0.06376296234957408,-0.03096296619332861,0.3644148148148148,30.9,3.6771597862243652,0.008080153726041317,-0.603206992149353,0.002518391702324152
5,2400,-0.1601481487392448,-0.17096296086674556,0.3632296296296296,30.2,4.536275863647461,0.03436729684472084,-0.3599168658256531,0.002559301909059286
10,4800,-0.11367407418147195,-0.11059259774629027,0.39161481481481486,28.2,4.610652923583984,0.019078882411122322,-0.018229611217975616,0.0024412397760897875
15,7200,-0.11459259044204373,-0.13792591898527462,0.39949629629629635,31.3,3.8981213569641113,0.011425207369029522,0.23345667123794556,0.002750133164227009
20,9600,-0.09490370323765092,-0.103111108604935,0.39425185185185185,34.1,4.126821517944336,0.018984289839863777,-0.1869264394044876,0.002524396637454629
25,12000,-0.1023111103946576,-0.11162962808157317,0.36133333333333334,32.0,3.928471088409424,0.011540845967829227,-0.09287523478269577,0.0025686181616038084
30,14400,-0.08831110959872604,-0.0755555559444474,0.38426666666666665,29.3,3.916628837585449,0.01076632458716631,0.02848970890045166,0.0027468649204820395
35,16800,-0.13059259156289044,-0.15155555188539438,0.34945185185185185,31.4,4.077328205108643,0.014620406553149223,-0.13816767930984497,0.00269317370839417
40,19200,-0.1439407413447043,-0.1446666687115794,0.3925037037037037,32.2,4.180906295776367,0.023237194865942,-0.6829782724380493,0.00268557365052402
45,21600,-0.16448888745799195,-0.143333334592171,0.3561777777777778,29.5,4.472823143005371,0.02217790298163891,-0.3091612756252289,0.0024325535632669926
50,24000,-0.07817777716263663,-0.0951851850404637,0.39733333333333337,33.5,4.369035720825195,0.013003891333937645,0.3374267518520355,0.0025708635803312063
55,26400,-0.14568888963840437,-0.12592592724831775,0.34373333333333334,30.8,4.2423200607299805,0.01339449267834425,0.09274806082248688,0.0026815084274858236
60,28800,-0.11231111283705104,-0.12970370777475182,0.35324444444444447,29.8,4.292396068572998,0.021408379077911377,-0.26334989070892334,0.0027079004794359207
65,31200,-0.061422220536042,-0.05014814650348853,0.3463111111111111,26.1,4.353286266326904,0.029191095381975174,-0.364961177110672,0.0027451771311461926
70,33600,-0.08657777846383397,-0.10081481242377777,0.3781333333333333,30.6,4.5541510581970215,0.009110933169722557,-0.11337067186832428,0.002356906421482563
75,36000,-0.06994073970417958,-0.06148148261127062,0.34183703703703705,27.7,4.293148994445801,0.01739824377000332,-0.36780279874801636,0.002380173187702894
80,38400,-0.09059259306814056,-0.0922962968761567,0.330962962962963,29.2,4.185954570770264,0.013402190059423447,0.40147680044174194,0.0024043950252234936
85,40800,-0.1324888871778967,-0.1239259245339781,0.35208888888888884,28.5,4.382204532623291,0.018203262239694595,-0.44246432185173035,0.002502189250662923
90,43200,-0.18888888967048842,-0.1862222205963917,0.3270222222222222,29.9,4.524478435516357,0.006976363714784384,-0.23191770911216736,0.0025733094662427902
95,45600,-0.10069629540666938,-0.10229629681271035,0.35588148148148147,27.7,4.6065592765808105,0.008132604882121086,0.2551615536212921,0.0025016190484166145
100,48000,-0.13874073894985486,-0.13029629535594722,0.36237037037037034,32.9,4.461908340454102,0.0037467959336936474,-0.15967684984207153,0.002532159211114049
105,50400,-0.1281629626697395,-0.12733333572396077,0.35170370370370374,27.6,4.480759620666504,0.025439677760004997,-0.36015164852142334,0.0024807709269225597
110,52800,-0.1660592585496488,-0.11155555756704416,0.3884740740740741,31.8,4.4371724128723145,0.008586587384343147,-0.35251790285110474,0.0025514094159007072
115,55200,-0.18383703692961717,-0.1727407414073241,0.3438518518518518,28.3,4.365474700927734,0.03636156767606735,0.4771473705768585,0.002839031396433711
120,57600,-0.10197037092002574,-0.13977777781838086,0.3888296296296296,31.0,4.564408779144287,0.02690068446099758,-0.4055732786655426,0.0025286716409027576
125,60000,-0.08989629489369691,-0.0751111090357881,0.3447703703703704,27.1,4.653586387634277,0.057742003351449966,-0.3079381585121155,0.002451348816975951
130,62400,-0.14552592366526368,-0.1428148113482166,0.36234074074074074,30.6,4.6505126953125,0.03487255796790123,0.5182206630706787,0.0023323907516896725
135,64800,-0.13274073976208456,-0.08555555436760187,0.3711703703703704,30.6,4.659135341644287,0.010593724437057972,-0.5535563230514526,0.0023112359922379255
140,67200,-0.14308148103009444,-0.1349629619217012,0.33380740740740744,30.0,4.533627510070801,0.007015920709818602,-0.3128404915332794,0.002454305300489068
145,69600,-0.12740740459266817,-0.0870370319171343,0.342725925925926,29.4,4.692689895629883,0.013123921118676662,0.5003095269203186,0.002237037755548954
150,72000,-0.14142222209338798,-0.14874073813552968,0.3612444444444444,31.9,4.648002624511719,0.0036708498373627663,-0.19955453276634216,0.0022275911178439856
155,74400,-0.1469925911122118,-0.16992592613678426,0.37905185185185186,33.6,4.667255401611328,0.031239161267876625,-0.5654735565185547,0.002256046747788787
160,76800,-0.08336296249472071,-0.08037036941095721,0.3313481481481481,26.3,4.710521697998047,0.007134868763387203,-0.4106161892414093,0.002274016849696636
165,79200,-0.1474518497561803,-0.14785185166692827,0.3593481481481481,30.5,4.695247173309326,0.02514110878109932,0.5833879113197327,0.002240152098238468
170,81600,-0.11164444454188924,-0.12162962667935062,0.32986666666666664,25.0,4.698016166687012,0.01942683570086956,-0.5280057191848755,0.0023293474223464727
175,84000,-0.1271111108304467,-0.13407407366321422,0.37439999999999996,33.3,4.5149359703063965,0.10433273762464523,-0.6590497493743896,0.0024054169189184904
180,86400,-0.06079999953217339,-0.056074072170304134,0.37306666666666666,29.8,4.78804874420166,0.010998299345374107,0.5903578400611877,0.002173815853893757
185,88800,-0.1346222229069099,-0.13133333195582964,0.3450666666666667,29.2,4.5772504806518555,0.048811908811330795,0.4806728959083557,0.0024757797364145517
190,91200,-0.15607407503412105,-0.16911111246736255,0.34974814814814814,30.6,4.625430107116699,0.06463323533535004,-0.7481667399406433,0.002405684906989336
195,93600,-0.08368888742406852,-0.07903703366173431,0.3567111111111111,28.5,4.824045181274414,0.005956938955932856,-0.2773590683937073,0.0022926717065274715
200,96000,-0.08582222304103197,-0.07170370345556876,0.3649777777777778,29.1,4.77577018737793,0.0033037022221833467,0.1449003517627716,0.0022812969982624054
205,98400,-0.15882962894247613,-0.1946666675430606,0.3420148148148148,28.1,4.513273239135742,0.00519978255033493,-0.4565070867538452,0.0025049757678061724
210,100800,-0.12548147968482226,-0.1272592593159061,0.3632296296296296,28.3,4.799858093261719,0.009752198122441769,-0.4025099575519562,0.002236687345430255
215,103200,-0.10802962924353779,-0.08785185385931982,0.3301925925925926,27.9,4.7386579513549805,0.01107837539166212,-0.5771256685256958,0.0023473461624234915
220,105600,-0.12522962821822148,-0.12866666550689843,0.3332148148148148,30.2,4.83643913269043,0.00518183084204793,-0.3319336175918579,0.0021748885046690702
225,108000,-0.13585185075207845,-0.12214814868639223,0.3595259259259259,29.9,4.600170612335205,0.0035017509944736958,-0.4289974868297577,0.002367115579545498
230,110400,-0.17718518398614833,-0.16177777454140596,0.366637037037037,30.4,4.539561748504639,0.0028994481544941664,-0.15629030764102936,0.002514153951779008
235,112800,-0.09477037031465443,-0.0809629633295117,0.35762962962962963,28.9,4.66771936416626,0.004217088222503662,-0.14370504021644592,0.002392918337136507
240,115200,-0.14002962879167172,-0.10185185231966898,0.33854814814814815,27.8,4.805128574371338,0.00444629043340683,-0.06312942504882812,0.002237611450254917
245,117600,-0.14537777755322168,-0.10429629468126222,0.35173333333333334,27.3,4.559992790222168,0.004306191112846136,-0.215251162648201,0.002494298852980137
250,120000,-0.15315555594570468,-0.19125925905245822,0.3257777777777778,25.8,4.80928897857666,0.004245356190949678,-0.15734028816223145,0.0022222010884433985
255,122400,-0.1434962941450067,-0.12051851487194654,0.3318814814814815,27.0,4.784610748291016,0.003978905268013477,-0.27592745423316956,0.0022588330321013927
260,124800,-0.09565925889619394,-0.0562962962576421,0.35247407407407405,30.7,4.351027011871338,0.0038158888928592205,-0.12792085111141205,0.002577761420980096
265,127200,-0.06780740643589525,-0.058370370519696735,0.3894814814814815,31.6,4.728743076324463,0.0055106524378061295,-0.21274350583553314,0.002287384355440736
270,129600,-0.1494074067508336,-0.11837037091027014,0.3701925925925926,30.7,4.668630123138428,0.002488551428541541,-0.2697058320045471,0.0022576565388590097
275,132000,-0.1517333325900836,-0.13407407303748187,0.3191111111111111,26.5,4.565142631530762,0.00513793807476759,-0.30463725328445435,0.0024787667207419872
280,134400,-0.1101629635959398,-0.09755555624724366,0.36948148148148147,29.1,4.518699645996094,0.006642134394496679,-0.39346933364868164,0.0025373115204274654
285,136800,-0.10308148162002909,-0.12703703872830374,0.38394074074074075,30.0,4.612944602966309,0.005788281559944153,-0.28852829337120056,0.002488601952791214
290,139200,-0.11294814808352385,-0.11222221954085398,0.3596740740740741,31.2,4.697670936584473,0.00561473798006773,-0.4066828191280365,0.002524677896872163
295,141600,-0.17779259131930303,-0.1904444420215441,0.3650962962962963,28.8,4.68620491027832,0.004159857518970966,-0.38170912861824036,0.0024769857991486788
300,144000,-0.15463703649293165,-0.11459259233379271,0.3817185185185185,30.7,4.764332294464111,0.0028817823622375727,-0.2908211052417755,0.002383319428190589
305,146400,-0.1615851831738837,-0.11844444190501235,0.35534814814814814,30.2,4.6172380447387695,0.004031829070299864,-0.23229601979255676,0.0025115611497312784
310,148800,-0.10337777651584475,-0.11103703554545064,0.33555555555555555,28.9,4.877345085144043,0.003858917858451605,-0.26916682720184326,0.0022542832884937525
315,151200,-0.09254814787418582,-0.060370368883013725,0.3514074074074074,29.1,4.793028831481934,0.004209516104310751,-0.1900814026594162,0.0023644811008125544
320,153600,-0.13029629463999298,-0.16340740503801499,0.3619259259259259,32.2,4.715577125549316,0.003965345211327076,-0.4078478217124939,0.0024021733552217484
325,156000,-0.08448888885322958,-0.08207407267764211,0.3441777777777778,28.8,4.7234954833984375,0.006260859780013561,-0.3197799623012543,0.0023744567297399044
330,158400,-0.14985184976831079,-0.13748148032755125,0.34112592592592594,29.6,4.790584564208984,0.004754046909511089,-0.2807964086532593,0.002252734499052167
335,160800,-0.18078518338588764,-0.14051851335534593,0.3621925925925926,28.9,4.666121482849121,0.002917669015005231,-0.4606711268424988,0.0024070818908512592
340,163200,-0.08837036822951631,-0.07985185072175227,0.38011851851851847,30.5,4.707563877105713,0.003770071780309081,-0.22993192076683044,0.002383763436228037
345,165600,-0.11820740727707743,-0.10348148073535413,0.3433481481481481,29.4,4.664306163787842,0.004971792455762625,-0.46894505620002747,0.002368077402934432
350,168000,-0.14582222288881894,-0.11562963045435026,0.36319999999999997,30.5,4.5424604415893555,0.00479838578030467,-0.13776014745235443,0.0025259610265493393
355,170400,-0.1406814799644053,-0.13674073583388235,0.3539851851851852,30.7,4.598712921142578,0.0036937796976417303,-0.38407325744628906,0.002467368496581912
360,172800,-0.1408592595878872,-0.15622222303500166,0.34731851851851847,30.0,4.698465824127197,0.0033889608457684517,-0.2809661626815796,0.0024064560420811176
365,175200,-0.1281481469675782,-0.11866666174319107,0.35798518518518513,29.8,4.795937538146973,0.003938732668757439,-0.27648526430130005,0.002247544936835766
370,177600,-0.07613333247281844,-0.09703703712148126,0.35866666666666663,32.6,4.664928913116455,0.0033778331708163023,-0.164632648229599,0.002359418896958232
375,180000,-0.14122962977853604,-0.1461481480509974,0.35045925925925925,32.7,4.5409016609191895,0.0022495549637824297,-0.07479305565357208,0.0023572107311338186
380,182400,-0.1310518508849782,-0.1129629597562598,0.3613037037037037,28.6,4.543948650360107,0.003702618181705475,-0.15595151484012604,0.002376928459852934
385,184800,-0.11248888826667099,-0.06444444331282284,0.3446222222222222,29.2,4.556729316711426,0.004210821818560362,-0.15887437760829926,0.002318896586075425
390,187200,-0.13752592412056402,-0.15985184712917544,0.35647407407407405,29.1,4.497223854064941,0.003058060072362423,-0.15533465147018433,0.0024317384231835604
395,189600,-0.13642962758458452,-0.15607407363859238,0.3468148148148148,27.1,4.545671463012695,0.00356669700704515,-0.21250270307064056,0.002398492069914937
400,192000,-0.05154074099846184,-0.00022222257393877606,0.360237037037037,28.7,4.736362457275391,0.005469595082104206,-0.32634371519088745,0.002277674386277795
405,194400,-0.17194074084691238,-0.1772592596244067,0.34734814814814813,30.8,4.661139965057373,0.0040754093788564205,-0.3889956772327423,0.0024098395369946957
410,196800,-0.11211851754196686,-0.11162962917296682,0.3695703703703703,29.9,4.5880279541015625,0.004665600601583719,-0.3115956485271454,0.0025024423375725746
415,199200,-0.11284444351185811,-0.09674073844507802,0.3516444444444444,29.1,4.542954444885254,0.004555107560008764,-0.3985219895839691,0.0025143595412373543
420,201600,-0.10650370345101692,-0.14607407443691045,0.33522962962962966,28.2,4.796955585479736,0.003123857546597719,-0.314151406288147,0.0022433712147176266
425,204000,-0.11570370363770052,-0.11748148208425846,0.328562962962963,28.0,4.680627822875977,0.0024418954271823168,-0.2018180787563324,0.0023509615566581488
430,206400,-0.14877036786347161,-0.14992592213093303,0.3947851851851852,33.0,4.3769941329956055,0.0024479434359818697,-0.24457669258117676,0.0026092235930263996
435,208800,-0.11465185040142387,-0.1577777753409464,0.389037037037037,30.1,4.444152355194092,0.002219924470409751,-0.049080055207014084,0.002472078427672386
440,211200,-0.11282962921250146,-0.12259259213169571,0.35499259259259264,30.7,4.5527753829956055,0.002162297023460269,-0.15778735280036926,0.00223340792581439
445,213600,-0.09814814706332982,-0.08325925804092549,0.36376296296296295,31.0,4.490460395812988,0.002471606247127056,-0.08987119793891907,0.00225076568312943
450,216000,-0.053111110132886094,-0.03511110972613096,0.3540444444444445,29.5,4.417365550994873,0.0046018878929317,-0.13298486173152924,0.0024533921387046576
455,218400,-0.11565925910981605,-0.12000000246916898,0.3596740740740741,32.9,4.2405853271484375,0.003791512455791235,-0.30817651748657227,0.002585573587566614
460,220800,-0.09719999871595064,-0.10703703683975618,0.33244444444444443,26.8,3.9198880195617676,0.0034671712201088667,-0.26814407110214233,0.0026910246815532446
465,223200,-0.06668148015305633,-0.07044444252824178,0.2956740740740741,24.0,3.5056915283203125,0.0031219737138599157,-0.12533949315547943,0.002595331287011504
470,225600,-0.0541185186477378,-0.009037038529640995,0.3108148148148148,26.6,3.19748592376709,0.0034049940295517445,-0.29970985651016235,0.0026968864258378744
475,228000,-0.048266666058043486,-0.06451851816382259,0.3313777777777777,27.8,3.380864143371582,0.0022412813268601894,-0.12246108055114746,0.0025578131899237633
480,230400,-0.08047407240228495,-0.08659258890838828,0.3284148148148148,29.6,3.5527021884918213,0.0031713040079921484,-0.13514746725559235,0.0026815871242433786
485,232800,-0.09709629548015072,-0.08103703771485016,0.3275259259259259,28.0,3.785609722137451,0.0035404711961746216,-0.10931075364351273,0.0026640056166797876
490,235200,-0.0854814808582887,-0.07814814624725841,0.34927407407407407,29.7,4.263267517089844,0.0037042370531708,-0.2885165512561798,0.002550936071202159
495,237600,-0.12734814780851594,-0.15511111280648038,0.37291851851851854,30.7,4.384146690368652,0.008107535541057587,-0.39985448122024536,0.002663984429091215
500,240000,-0.13331851978873602,-0.1449629671042203,0.3235259259259259,29.2,4.669512748718262,0.004369272384792566,-0.29751521348953247,0.002358128782361746
505,242400,-0.0881777770962799,-0.086148146801861,0.335111111111111,28.3,4.665329933166504,0.0036033953074365854,-0.15970923006534576,0.0023192684166133404
510,244800,-0.15918518676480745,-0.14059259490750264,0.3468148148148148,31.5,4.377192974090576,0.0062453667633235455,-0.24101482331752777,0.0024230685085058212
515,247200,-0.04722962902305881,-0.02970370625553187,0.3874370370370371,34.4,4.255018711090088,0.0062071713618934155,-0.2593964636325836,0.0025308311451226473
520,249600,-0.0660296287984238,-0.06014814606169239,0.3833481481481481,29.5,4.171253204345703,0.00414179777726531,-0.08623755723237991,0.0026619932614266872
5,2400,-0.1601481487392448,-0.17096296086674556,0.3632296296296296,30.2,4.536275863647461,0.03436729684472084,-0.3599168658256531,0.002559301909059286
10,4800,-0.11367407418147195,-0.11059259774629027,0.39161481481481486,28.2,4.610652923583984,0.019078882411122322,-0.018229611217975616,0.0024412397760897875
15,7200,-0.11459259044204373,-0.13792591898527462,0.39949629629629635,31.3,3.8981213569641113,0.011425207369029522,0.23345667123794556,0.002750133164227009
20,9600,-0.09490370323765092,-0.103111108604935,0.39425185185185185,34.1,4.126821517944336,0.018984289839863777,-0.1869264394044876,0.002524396637454629
25,12000,-0.1023111103946576,-0.11162962808157317,0.36133333333333334,32.0,3.928471088409424,0.011540845967829227,-0.09287523478269577,0.0025686181616038084
30,14400,-0.08831110959872604,-0.0755555559444474,0.38426666666666665,29.3,3.916628837585449,0.01076632458716631,0.02848970890045166,0.0027468649204820395
35,16800,-0.13059259156289044,-0.15155555188539438,0.34945185185185185,31.4,4.077328205108643,0.014620406553149223,-0.13816767930984497,0.00269317370839417
40,19200,-0.1439407413447043,-0.1446666687115794,0.3925037037037037,32.2,4.180906295776367,0.023237194865942,-0.6829782724380493,0.00268557365052402
45,21600,-0.16448888745799195,-0.143333334592171,0.3561777777777778,29.5,4.472823143005371,0.02217790298163891,-0.3091612756252289,0.0024325535632669926
50,24000,-0.07817777716263663,-0.0951851850404637,0.39733333333333337,33.5,4.369035720825195,0.013003891333937645,0.3374267518520355,0.0025708635803312063
55,26400,-0.14568888963840437,-0.12592592724831775,0.34373333333333334,30.8,4.2423200607299805,0.01339449267834425,0.09274806082248688,0.0026815084274858236
60,28800,-0.11231111283705104,-0.12970370777475182,0.35324444444444447,29.8,4.292396068572998,0.021408379077911377,-0.26334989070892334,0.0027079004794359207
65,31200,-0.061422220536042,-0.05014814650348853,0.3463111111111111,26.1,4.353286266326904,0.029191095381975174,-0.364961177110672,0.0027451771311461926
70,33600,-0.08657777846383397,-0.10081481242377777,0.3781333333333333,30.6,4.5541510581970215,0.009110933169722557,-0.11337067186832428,0.002356906421482563
75,36000,-0.06994073970417958,-0.06148148261127062,0.34183703703703705,27.7,4.293148994445801,0.01739824377000332,-0.36780279874801636,0.002380173187702894
80,38400,-0.09059259306814056,-0.0922962968761567,0.330962962962963,29.2,4.185954570770264,0.013402190059423447,0.40147680044174194,0.0024043950252234936
85,40800,-0.1324888871778967,-0.1239259245339781,0.35208888888888884,28.5,4.382204532623291,0.018203262239694595,-0.44246432185173035,0.002502189250662923
90,43200,-0.18888888967048842,-0.1862222205963917,0.3270222222222222,29.9,4.524478435516357,0.006976363714784384,-0.23191770911216736,0.0025733094662427902
95,45600,-0.10069629540666938,-0.10229629681271035,0.35588148148148147,27.7,4.6065592765808105,0.008132604882121086,0.2551615536212921,0.0025016190484166145
100,48000,-0.13874073894985486,-0.13029629535594722,0.36237037037037034,32.9,4.461908340454102,0.0037467959336936474,-0.15967684984207153,0.002532159211114049
105,50400,-0.1281629626697395,-0.12733333572396077,0.35170370370370374,27.6,4.480759620666504,0.025439677760004997,-0.36015164852142334,0.0024807709269225597
110,52800,-0.1660592585496488,-0.11155555756704416,0.3884740740740741,31.8,4.4371724128723145,0.008586587384343147,-0.35251790285110474,0.0025514094159007072
115,55200,-0.18383703692961717,-0.1727407414073241,0.3438518518518518,28.3,4.365474700927734,0.03636156767606735,0.4771473705768585,0.002839031396433711
120,57600,-0.10197037092002574,-0.13977777781838086,0.3888296296296296,31.0,4.564408779144287,0.02690068446099758,-0.4055732786655426,0.0025286716409027576
125,60000,-0.08989629489369691,-0.0751111090357881,0.3447703703703704,27.1,4.653586387634277,0.057742003351449966,-0.3079381585121155,0.002451348816975951
130,62400,-0.14552592366526368,-0.1428148113482166,0.36234074074074074,30.6,4.6505126953125,0.03487255796790123,0.5182206630706787,0.0023323907516896725
135,64800,-0.13274073976208456,-0.08555555436760187,0.3711703703703704,30.6,4.659135341644287,0.010593724437057972,-0.5535563230514526,0.0023112359922379255
140,67200,-0.14308148103009444,-0.1349629619217012,0.33380740740740744,30.0,4.533627510070801,0.007015920709818602,-0.3128404915332794,0.002454305300489068
145,69600,-0.12740740459266817,-0.0870370319171343,0.342725925925926,29.4,4.692689895629883,0.013123921118676662,0.5003095269203186,0.002237037755548954
150,72000,-0.14142222209338798,-0.14874073813552968,0.3612444444444444,31.9,4.648002624511719,0.0036708498373627663,-0.19955453276634216,0.0022275911178439856
155,74400,-0.1469925911122118,-0.16992592613678426,0.37905185185185186,33.6,4.667255401611328,0.031239161267876625,-0.5654735565185547,0.002256046747788787
160,76800,-0.08336296249472071,-0.08037036941095721,0.3313481481481481,26.3,4.710521697998047,0.007134868763387203,-0.4106161892414093,0.002274016849696636
165,79200,-0.1474518497561803,-0.14785185166692827,0.3593481481481481,30.5,4.695247173309326,0.02514110878109932,0.5833879113197327,0.002240152098238468
170,81600,-0.11164444454188924,-0.12162962667935062,0.32986666666666664,25.0,4.698016166687012,0.01942683570086956,-0.5280057191848755,0.0023293474223464727
175,84000,-0.1271111108304467,-0.13407407366321422,0.37439999999999996,33.3,4.5149359703063965,0.10433273762464523,-0.6590497493743896,0.0024054169189184904
180,86400,-0.06079999953217339,-0.056074072170304134,0.37306666666666666,29.8,4.78804874420166,0.010998299345374107,0.5903578400611877,0.002173815853893757
185,88800,-0.1346222229069099,-0.13133333195582964,0.3450666666666667,29.2,4.5772504806518555,0.048811908811330795,0.4806728959083557,0.0024757797364145517
190,91200,-0.15607407503412105,-0.16911111246736255,0.34974814814814814,30.6,4.625430107116699,0.06463323533535004,-0.7481667399406433,0.002405684906989336
195,93600,-0.08368888742406852,-0.07903703366173431,0.3567111111111111,28.5,4.824045181274414,0.005956938955932856,-0.2773590683937073,0.0022926717065274715
200,96000,-0.08582222304103197,-0.07170370345556876,0.3649777777777778,29.1,4.77577018737793,0.0033037022221833467,0.1449003517627716,0.0022812969982624054
205,98400,-0.15882962894247613,-0.1946666675430606,0.3420148148148148,28.1,4.513273239135742,0.00519978255033493,-0.4565070867538452,0.0025049757678061724
210,100800,-0.12548147968482226,-0.1272592593159061,0.3632296296296296,28.3,4.799858093261719,0.009752198122441769,-0.4025099575519562,0.002236687345430255
215,103200,-0.10802962924353779,-0.08785185385931982,0.3301925925925926,27.9,4.7386579513549805,0.01107837539166212,-0.5771256685256958,0.0023473461624234915
220,105600,-0.12522962821822148,-0.12866666550689843,0.3332148148148148,30.2,4.83643913269043,0.00518183084204793,-0.3319336175918579,0.0021748885046690702
225,108000,-0.13585185075207845,-0.12214814868639223,0.3595259259259259,29.9,4.600170612335205,0.0035017509944736958,-0.4289974868297577,0.002367115579545498
230,110400,-0.17718518398614833,-0.16177777454140596,0.366637037037037,30.4,4.539561748504639,0.0028994481544941664,-0.15629030764102936,0.002514153951779008
235,112800,-0.09477037031465443,-0.0809629633295117,0.35762962962962963,28.9,4.66771936416626,0.004217088222503662,-0.14370504021644592,0.002392918337136507
240,115200,-0.14002962879167172,-0.10185185231966898,0.33854814814814815,27.8,4.805128574371338,0.00444629043340683,-0.06312942504882812,0.002237611450254917
245,117600,-0.14537777755322168,-0.10429629468126222,0.35173333333333334,27.3,4.559992790222168,0.004306191112846136,-0.215251162648201,0.002494298852980137
250,120000,-0.15315555594570468,-0.19125925905245822,0.3257777777777778,25.8,4.80928897857666,0.004245356190949678,-0.15734028816223145,0.0022222010884433985
255,122400,-0.1434962941450067,-0.12051851487194654,0.3318814814814815,27.0,4.784610748291016,0.003978905268013477,-0.27592745423316956,0.0022588330321013927
260,124800,-0.09565925889619394,-0.0562962962576421,0.35247407407407405,30.7,4.351027011871338,0.0038158888928592205,-0.12792085111141205,0.002577761420980096
265,127200,-0.06780740643589525,-0.058370370519696735,0.3894814814814815,31.6,4.728743076324463,0.0055106524378061295,-0.21274350583553314,0.002287384355440736
270,129600,-0.1494074067508336,-0.11837037091027014,0.3701925925925926,30.7,4.668630123138428,0.002488551428541541,-0.2697058320045471,0.0022576565388590097
275,132000,-0.1517333325900836,-0.13407407303748187,0.3191111111111111,26.5,4.565142631530762,0.00513793807476759,-0.30463725328445435,0.0024787667207419872
280,134400,-0.1101629635959398,-0.09755555624724366,0.36948148148148147,29.1,4.518699645996094,0.006642134394496679,-0.39346933364868164,0.0025373115204274654
285,136800,-0.10308148162002909,-0.12703703872830374,0.38394074074074075,30.0,4.612944602966309,0.005788281559944153,-0.28852829337120056,0.002488601952791214
290,139200,-0.11294814808352385,-0.11222221954085398,0.3596740740740741,31.2,4.697670936584473,0.00561473798006773,-0.4066828191280365,0.002524677896872163
295,141600,-0.17779259131930303,-0.1904444420215441,0.3650962962962963,28.8,4.68620491027832,0.004159857518970966,-0.38170912861824036,0.0024769857991486788
300,144000,-0.15463703649293165,-0.11459259233379271,0.3817185185185185,30.7,4.764332294464111,0.0028817823622375727,-0.2908211052417755,0.002383319428190589
305,146400,-0.1615851831738837,-0.11844444190501235,0.35534814814814814,30.2,4.6172380447387695,0.004031829070299864,-0.23229601979255676,0.0025115611497312784
310,148800,-0.10337777651584475,-0.11103703554545064,0.33555555555555555,28.9,4.877345085144043,0.003858917858451605,-0.26916682720184326,0.0022542832884937525
315,151200,-0.09254814787418582,-0.060370368883013725,0.3514074074074074,29.1,4.793028831481934,0.004209516104310751,-0.1900814026594162,0.0023644811008125544
320,153600,-0.13029629463999298,-0.16340740503801499,0.3619259259259259,32.2,4.715577125549316,0.003965345211327076,-0.4078478217124939,0.0024021733552217484
325,156000,-0.08448888885322958,-0.08207407267764211,0.3441777777777778,28.8,4.7234954833984375,0.006260859780013561,-0.3197799623012543,0.0023744567297399044
330,158400,-0.14985184976831079,-0.13748148032755125,0.34112592592592594,29.6,4.790584564208984,0.004754046909511089,-0.2807964086532593,0.002252734499052167
335,160800,-0.18078518338588764,-0.14051851335534593,0.3621925925925926,28.9,4.666121482849121,0.002917669015005231,-0.4606711268424988,0.0024070818908512592
340,163200,-0.08837036822951631,-0.07985185072175227,0.38011851851851847,30.5,4.707563877105713,0.003770071780309081,-0.22993192076683044,0.002383763436228037
345,165600,-0.11820740727707743,-0.10348148073535413,0.3433481481481481,29.4,4.664306163787842,0.004971792455762625,-0.46894505620002747,0.002368077402934432
350,168000,-0.14582222288881894,-0.11562963045435026,0.36319999999999997,30.5,4.5424604415893555,0.00479838578030467,-0.13776014745235443,0.0025259610265493393
355,170400,-0.1406814799644053,-0.13674073583388235,0.3539851851851852,30.7,4.598712921142578,0.0036937796976417303,-0.38407325744628906,0.002467368496581912
360,172800,-0.1408592595878872,-0.15622222303500166,0.34731851851851847,30.0,4.698465824127197,0.0033889608457684517,-0.2809661626815796,0.0024064560420811176
365,175200,-0.1281481469675782,-0.11866666174319107,0.35798518518518513,29.8,4.795937538146973,0.003938732668757439,-0.27648526430130005,0.002247544936835766
370,177600,-0.07613333247281844,-0.09703703712148126,0.35866666666666663,32.6,4.664928913116455,0.0033778331708163023,-0.164632648229599,0.002359418896958232
375,180000,-0.14122962977853604,-0.1461481480509974,0.35045925925925925,32.7,4.5409016609191895,0.0022495549637824297,-0.07479305565357208,0.0023572107311338186
380,182400,-0.1310518508849782,-0.1129629597562598,0.3613037037037037,28.6,4.543948650360107,0.003702618181705475,-0.15595151484012604,0.002376928459852934
385,184800,-0.11248888826667099,-0.06444444331282284,0.3446222222222222,29.2,4.556729316711426,0.004210821818560362,-0.15887437760829926,0.002318896586075425
390,187200,-0.13752592412056402,-0.15985184712917544,0.35647407407407405,29.1,4.497223854064941,0.003058060072362423,-0.15533465147018433,0.0024317384231835604
395,189600,-0.13642962758458452,-0.15607407363859238,0.3468148148148148,27.1,4.545671463012695,0.00356669700704515,-0.21250270307064056,0.002398492069914937
5,2400,-0.1601481487392448,-0.17096296086674556,0.3632296296296296,30.2,4.536275863647461,0.03436729684472084,-0.3599168658256531,0.002559301909059286
10,4800,-0.11367407418147195,-0.11059259774629027,0.39161481481481486,28.2,4.610652923583984,0.019078882411122322,-0.018229611217975616,0.0024412397760897875
15,7200,-0.11459259044204373,-0.13792591898527462,0.39949629629629635,31.3,3.8981213569641113,0.011425207369029522,0.23345667123794556,0.002750133164227009
20,9600,-0.09490370323765092,-0.103111108604935,0.39425185185185185,34.1,4.126821517944336,0.018984289839863777,-0.1869264394044876,0.002524396637454629
25,12000,-0.1023111103946576,-0.11162962808157317,0.36133333333333334,32.0,3.928471088409424,0.011540845967829227,-0.09287523478269577,0.0025686181616038084
30,14400,-0.08831110959872604,-0.0755555559444474,0.38426666666666665,29.3,3.916628837585449,0.01076632458716631,0.02848970890045166,0.0027468649204820395
35,16800,-0.13059259156289044,-0.15155555188539438,0.34945185185185185,31.4,4.077328205108643,0.014620406553149223,-0.13816767930984497,0.00269317370839417
40,19200,-0.1439407413447043,-0.1446666687115794,0.3925037037037037,32.2,4.180906295776367,0.023237194865942,-0.6829782724380493,0.00268557365052402
45,21600,-0.16448888745799195,-0.143333334592171,0.3561777777777778,29.5,4.472823143005371,0.02217790298163891,-0.3091612756252289,0.0024325535632669926
50,24000,-0.07817777716263663,-0.0951851850404637,0.39733333333333337,33.5,4.369035720825195,0.013003891333937645,0.3374267518520355,0.0025708635803312063
55,26400,-0.14568888963840437,-0.12592592724831775,0.34373333333333334,30.8,4.2423200607299805,0.01339449267834425,0.09274806082248688,0.0026815084274858236
60,28800,-0.11231111283705104,-0.12970370777475182,0.35324444444444447,29.8,4.292396068572998,0.021408379077911377,-0.26334989070892334,0.0027079004794359207
65,31200,-0.061422220536042,-0.05014814650348853,0.3463111111111111,26.1,4.353286266326904,0.029191095381975174,-0.364961177110672,0.0027451771311461926
70,33600,-0.08657777846383397,-0.10081481242377777,0.3781333333333333,30.6,4.5541510581970215,0.009110933169722557,-0.11337067186832428,0.002356906421482563
75,36000,-0.06994073970417958,-0.06148148261127062,0.34183703703703705,27.7,4.293148994445801,0.01739824377000332,-0.36780279874801636,0.002380173187702894
80,38400,-0.09059259306814056,-0.0922962968761567,0.330962962962963,29.2,4.185954570770264,0.013402190059423447,0.40147680044174194,0.0024043950252234936
85,40800,-0.1324888871778967,-0.1239259245339781,0.35208888888888884,28.5,4.382204532623291,0.018203262239694595,-0.44246432185173035,0.002502189250662923
90,43200,-0.18888888967048842,-0.1862222205963917,0.3270222222222222,29.9,4.524478435516357,0.006976363714784384,-0.23191770911216736,0.0025733094662427902
95,45600,-0.10069629540666938,-0.10229629681271035,0.35588148148148147,27.7,4.6065592765808105,0.008132604882121086,0.2551615536212921,0.0025016190484166145
100,48000,-0.13874073894985486,-0.13029629535594722,0.36237037037037034,32.9,4.461908340454102,0.0037467959336936474,-0.15967684984207153,0.002532159211114049
105,50400,-0.1281629626697395,-0.12733333572396077,0.35170370370370374,27.6,4.480759620666504,0.025439677760004997,-0.36015164852142334,0.0024807709269225597
5,2400,-0.1601481487392448,-0.17096296086674556,0.3632296296296296,30.2,4.536275863647461,0.03436729684472084,-0.3599168658256531,0.002559301909059286
10,4800,-0.11367407418147195,-0.11059259774629027,0.39161481481481486,28.2,4.610652923583984,0.019078882411122322,-0.018229611217975616,0.0024412397760897875
15,7200,-0.11459259044204373,-0.13792591898527462,0.39949629629629635,31.3,3.8981213569641113,0.011425207369029522,0.23345667123794556,0.002750133164227009
20,9600,-0.09490370323765092,-0.103111108604935,0.39425185185185185,34.1,4.126821517944336,0.018984289839863777,-0.1869264394044876,0.002524396637454629
25,12000,-0.1023111103946576,-0.11162962808157317,0.36133333333333334,32.0,3.928471088409424,0.011540845967829227,-0.09287523478269577,0.0025686181616038084
30,14400,-0.08831110959872604,-0.0755555559444474,0.38426666666666665,29.3,3.916628837585449,0.01076632458716631,0.02848970890045166,0.0027468649204820395
35,16800,-0.13059259156289044,-0.15155555188539438,0.34945185185185185,31.4,4.077328205108643,0.014620406553149223,-0.13816767930984497,0.00269317370839417
40,19200,-0.1439407413447043,-0.1446666687115794,0.3925037037037037,32.2,4.180906295776367,0.023237194865942,-0.6829782724380493,0.00268557365052402
45,21600,-0.16448888745799195,-0.143333334592171,0.3561777777777778,29.5,4.472823143005371,0.02217790298163891,-0.3091612756252289,0.0024325535632669926
50,24000,-0.07817777716263663,-0.0951851850404637,0.39733333333333337,33.5,4.369035720825195,0.013003891333937645,0.3374267518520355,0.0025708635803312063
55,26400,-0.14568888963840437,-0.12592592724831775,0.34373333333333334,30.8,4.2423200607299805,0.01339449267834425,0.09274806082248688,0.0026815084274858236
60,28800,-0.11231111283705104,-0.12970370777475182,0.35324444444444447,29.8,4.292396068572998,0.021408379077911377,-0.26334989070892334,0.0027079004794359207
65,31200,-0.061422220536042,-0.05014814650348853,0.3463111111111111,26.1,4.353286266326904,0.029191095381975174,-0.364961177110672,0.0027451771311461926
70,33600,-0.08657777846383397,-0.10081481242377777,0.3781333333333333,30.6,4.5541510581970215,0.009110933169722557,-0.11337067186832428,0.002356906421482563
75,36000,-0.06994073970417958,-0.06148148261127062,0.34183703703703705,27.7,4.293148994445801,0.01739824377000332,-0.36780279874801636,0.002380173187702894
80,38400,-0.09059259306814056,-0.0922962968761567,0.330962962962963,29.2,4.185954570770264,0.013402190059423447,0.40147680044174194,0.0024043950252234936
85,40800,-0.1324888871778967,-0.1239259245339781,0.35208888888888884,28.5,4.382204532623291,0.018203262239694595,-0.44246432185173035,0.002502189250662923
90,43200,-0.18888888967048842,-0.1862222205963917,0.3270222222222222,29.9,4.524478435516357,0.006976363714784384,-0.23191770911216736,0.0025733094662427902
95,45600,-0.10069629540666938,-0.10229629681271035,0.35588148148148147,27.7,4.6065592765808105,0.008132604882121086,0.2551615536212921,0.0025016190484166145
100,48000,-0.13874073894985486,-0.13029629535594722,0.36237037037037034,32.9,4.461908340454102,0.0037467959336936474,-0.15967684984207153,0.002532159211114049
105,50400,-0.1281629626697395,-0.12733333572396077,0.35170370370370374,27.6,4.480759620666504,0.025439677760004997,-0.36015164852142334,0.0024807709269225597
110,52800,-0.1660592585496488,-0.11155555756704416,0.3884740740740741,31.8,4.4371724128723145,0.008586587384343147,-0.35251790285110474,0.0025514094159007072
115,55200,-0.18383703692961717,-0.1727407414073241,0.3438518518518518,28.3,4.365474700927734,0.03636156767606735,0.4771473705768585,0.002839031396433711
120,57600,-0.10197037092002574,-0.13977777781838086,0.3888296296296296,31.0,4.564408779144287,0.02690068446099758,-0.4055732786655426,0.0025286716409027576
125,60000,-0.08989629489369691,-0.0751111090357881,0.3447703703703704,27.1,4.653586387634277,0.057742003351449966,-0.3079381585121155,0.002451348816975951
130,62400,-0.14552592366526368,-0.1428148113482166,0.36234074074074074,30.6,4.6505126953125,0.03487255796790123,0.5182206630706787,0.0023323907516896725
135,64800,-0.13274073976208456,-0.08555555436760187,0.3711703703703704,30.6,4.659135341644287,0.010593724437057972,-0.5535563230514526,0.0023112359922379255
140,67200,-0.14308148103009444,-0.1349629619217012,0.33380740740740744,30.0,4.533627510070801,0.007015920709818602,-0.3128404915332794,0.002454305300489068
145,69600,-0.12740740459266817,-0.0870370319171343,0.342725925925926,29.4,4.692689895629883,0.013123921118676662,0.5003095269203186,0.002237037755548954
150,72000,-0.14142222209338798,-0.14874073813552968,0.3612444444444444,31.9,4.648002624511719,0.0036708498373627663,-0.19955453276634216,0.0022275911178439856
155,74400,-0.1469925911122118,-0.16992592613678426,0.37905185185185186,33.6,4.667255401611328,0.031239161267876625,-0.5654735565185547,0.002256046747788787
160,76800,-0.08336296249472071,-0.08037036941095721,0.3313481481481481,26.3,4.710521697998047,0.007134868763387203,-0.4106161892414093,0.002274016849696636
165,79200,-0.1474518497561803,-0.14785185166692827,0.3593481481481481,30.5,4.695247173309326,0.02514110878109932,0.5833879113197327,0.002240152098238468
170,81600,-0.11164444454188924,-0.12162962667935062,0.32986666666666664,25.0,4.698016166687012,0.01942683570086956,-0.5280057191848755,0.0023293474223464727
175,84000,-0.1271111108304467,-0.13407407366321422,0.37439999999999996,33.3,4.5149359703063965,0.10433273762464523,-0.6590497493743896,0.0024054169189184904
180,86400,-0.06079999953217339,-0.056074072170304134,0.37306666666666666,29.8,4.78804874420166,0.010998299345374107,0.5903578400611877,0.002173815853893757
185,88800,-0.1346222229069099,-0.13133333195582964,0.3450666666666667,29.2,4.5772504806518555,0.048811908811330795,0.4806728959083557,0.0024757797364145517
190,91200,-0.15607407503412105,-0.16911111246736255,0.34974814814814814,30.6,4.625430107116699,0.06463323533535004,-0.7481667399406433,0.002405684906989336
195,93600,-0.08368888742406852,-0.07903703366173431,0.3567111111111111,28.5,4.824045181274414,0.005956938955932856,-0.2773590683937073,0.0022926717065274715
200,96000,-0.08582222304103197,-0.07170370345556876,0.3649777777777778,29.1,4.77577018737793,0.0033037022221833467,0.1449003517627716,0.0022812969982624054
205,98400,-0.15882962894247613,-0.1946666675430606,0.3420148148148148,28.1,4.513273239135742,0.00519978255033493,-0.4565070867538452,0.0025049757678061724
210,100800,-0.12548147968482226,-0.1272592593159061,0.3632296296296296,28.3,4.799858093261719,0.009752198122441769,-0.4025099575519562,0.002236687345430255
215,103200,-0.10802962924353779,-0.08785185385931982,0.3301925925925926,27.9,4.7386579513549805,0.01107837539166212,-0.5771256685256958,0.0023473461624234915
220,105600,-0.12522962821822148,-0.12866666550689843,0.3332148148148148,30.2,4.83643913269043,0.00518183084204793,-0.3319336175918579,0.0021748885046690702
225,108000,-0.13585185075207845,-0.12214814868639223,0.3595259259259259,29.9,4.600170612335205,0.0035017509944736958,-0.4289974868297577,0.002367115579545498
230,110400,-0.17718518398614833,-0.16177777454140596,0.366637037037037,30.4,4.539561748504639,0.0028994481544941664,-0.15629030764102936,0.002514153951779008
235,112800,-0.09477037031465443,-0.0809629633295117,0.35762962962962963,28.9,4.66771936416626,0.004217088222503662,-0.14370504021644592,0.002392918337136507
240,115200,-0.14002962879167172,-0.10185185231966898,0.33854814814814815,27.8,4.805128574371338,0.00444629043340683,-0.06312942504882812,0.002237611450254917
245,117600,-0.14537777755322168,-0.10429629468126222,0.35173333333333334,27.3,4.559992790222168,0.004306191112846136,-0.215251162648201,0.002494298852980137
250,120000,-0.15315555594570468,-0.19125925905245822,0.3257777777777778,25.8,4.80928897857666,0.004245356190949678,-0.15734028816223145,0.0022222010884433985
255,122400,-0.1434962941450067,-0.12051851487194654,0.3318814814814815,27.0,4.784610748291016,0.003978905268013477,-0.27592745423316956,0.0022588330321013927
260,124800,-0.09565925889619394,-0.0562962962576421,0.35247407407407405,30.7,4.351027011871338,0.0038158888928592205,-0.12792085111141205,0.002577761420980096
265,127200,-0.06780740643589525,-0.058370370519696735,0.3894814814814815,31.6,4.728743076324463,0.0055106524378061295,-0.21274350583553314,0.002287384355440736
270,129600,-0.1494074067508336,-0.11837037091027014,0.3701925925925926,30.7,4.668630123138428,0.002488551428541541,-0.2697058320045471,0.0022576565388590097
275,132000,-0.1517333325900836,-0.13407407303748187,0.3191111111111111,26.5,4.565142631530762,0.00513793807476759,-0.30463725328445435,0.0024787667207419872
280,134400,-0.1101629635959398,-0.09755555624724366,0.36948148148148147,29.1,4.518699645996094,0.006642134394496679,-0.39346933364868164,0.0025373115204274654
285,136800,-0.10308148162002909,-0.12703703872830374,0.38394074074074075,30.0,4.612944602966309,0.005788281559944153,-0.28852829337120056,0.002488601952791214
290,139200,-0.11294814808352385,-0.11222221954085398,0.3596740740740741,31.2,4.697670936584473,0.00561473798006773,-0.4066828191280365,0.002524677896872163
295,141600,-0.17779259131930303,-0.1904444420215441,0.3650962962962963,28.8,4.68620491027832,0.004159857518970966,-0.38170912861824036,0.0024769857991486788
300,144000,-0.15463703649293165,-0.11459259233379271,0.3817185185185185,30.7,4.764332294464111,0.0028817823622375727,-0.2908211052417755,0.002383319428190589
305,146400,-0.1615851831738837,-0.11844444190501235,0.35534814814814814,30.2,4.6172380447387695,0.004031829070299864,-0.23229601979255676,0.0025115611497312784
310,148800,-0.10337777651584475,-0.11103703554545064,0.33555555555555555,28.9,4.877345085144043,0.003858917858451605,-0.26916682720184326,0.0022542832884937525
315,151200,-0.09254814787418582,-0.060370368883013725,0.3514074074074074,29.1,4.793028831481934,0.004209516104310751,-0.1900814026594162,0.0023644811008125544
320,153600,-0.13029629463999298,-0.16340740503801499,0.3619259259259259,32.2,4.715577125549316,0.003965345211327076,-0.4078478217124939,0.0024021733552217484
325,156000,-0.08448888885322958,-0.08207407267764211,0.3441777777777778,28.8,4.7234954833984375,0.006260859780013561,-0.3197799623012543,0.0023744567297399044
330,158400,-0.14985184976831079,-0.13748148032755125,0.34112592592592594,29.6,4.790584564208984,0.004754046909511089,-0.2807964086532593,0.002252734499052167
335,160800,-0.18078518338588764,-0.14051851335534593,0.3621925925925926,28.9,4.666121482849121,0.002917669015005231,-0.4606711268424988,0.0024070818908512592
340,163200,-0.08837036822951631,-0.07985185072175227,0.38011851851851847,30.5,4.707563877105713,0.003770071780309081,-0.22993192076683044,0.002383763436228037
345,165600,-0.11820740727707743,-0.10348148073535413,0.3433481481481481,29.4,4.664306163787842,0.004971792455762625,-0.46894505620002747,0.002368077402934432
350,168000,-0.14582222288881894,-0.11562963045435026,0.36319999999999997,30.5,4.5424604415893555,0.00479838578030467,-0.13776014745235443,0.0025259610265493393
355,170400,-0.1406814799644053,-0.13674073583388235,0.3539851851851852,30.7,4.598712921142578,0.0036937796976417303,-0.38407325744628906,0.002467368496581912
360,172800,-0.1408592595878872,-0.15622222303500166,0.34731851851851847,30.0,4.698465824127197,0.0033889608457684517,-0.2809661626815796,0.0024064560420811176
365,175200,-0.1281481469675782,-0.11866666174319107,0.35798518518518513,29.8,4.795937538146973,0.003938732668757439,-0.27648526430130005,0.002247544936835766
370,177600,-0.07613333247281844,-0.09703703712148126,0.35866666666666663,32.6,4.664928913116455,0.0033778331708163023,-0.164632648229599,0.002359418896958232
375,180000,-0.14122962977853604,-0.1461481480509974,0.35045925925925925,32.7,4.5409016609191895,0.0022495549637824297,-0.07479305565357208,0.0023572107311338186
380,182400,-0.1310518508849782,-0.1129629597562598,0.3613037037037037,28.6,4.543948650360107,0.003702618181705475,-0.15595151484012604,0.002376928459852934
385,184800,-0.11248888826667099,-0.06444444331282284,0.3446222222222222,29.2,4.556729316711426,0.004210821818560362,-0.15887437760829926,0.002318896586075425
390,187200,-0.13752592412056402,-0.15985184712917544,0.35647407407407405,29.1,4.497223854064941,0.003058060072362423,-0.15533465147018433,0.0024317384231835604
395,189600,-0.13642962758458452,-0.15607407363859238,0.3468148148148148,27.1,4.545671463012695,0.00356669700704515,-0.21250270307064056,0.002398492069914937
400,192000,-0.05154074099846184,-0.00022222257393877606,0.360237037037037,28.7,4.736362457275391,0.005469595082104206,-0.32634371519088745,0.002277674386277795
405,194400,-0.17194074084691238,-0.1772592596244067,0.34734814814814813,30.8,4.661139965057373,0.0040754093788564205,-0.3889956772327423,0.0024098395369946957
410,196800,-0.11211851754196686,-0.11162962917296682,0.3695703703703703,29.9,4.5880279541015625,0.004665600601583719,-0.3115956485271454,0.0025024423375725746
415,199200,-0.11284444351185811,-0.09674073844507802,0.3516444444444444,29.1,4.542954444885254,0.004555107560008764,-0.3985219895839691,0.0025143595412373543
420,201600,-0.10650370345101692,-0.14607407443691045,0.33522962962962966,28.2,4.796955585479736,0.003123857546597719,-0.314151406288147,0.0022433712147176266
425,204000,-0.11570370363770052,-0.11748148208425846,0.328562962962963,28.0,4.680627822875977,0.0024418954271823168,-0.2018180787563324,0.0023509615566581488
430,206400,-0.14877036786347161,-0.14992592213093303,0.3947851851851852,33.0,4.3769941329956055,0.0024479434359818697,-0.24457669258117676,0.0026092235930263996
435,208800,-0.11465185040142387,-0.1577777753409464,0.389037037037037,30.1,4.444152355194092,0.002219924470409751,-0.049080055207014084,0.002472078427672386
440,211200,-0.11282962921250146,-0.12259259213169571,0.35499259259259264,30.7,4.5527753829956055,0.002162297023460269,-0.15778735280036926,0.00223340792581439
445,213600,-0.09814814706332982,-0.08325925804092549,0.36376296296296295,31.0,4.490460395812988,0.002471606247127056,-0.08987119793891907,0.00225076568312943
450,216000,-0.053111110132886094,-0.03511110972613096,0.3540444444444445,29.5,4.417365550994873,0.0046018878929317,-0.13298486173152924,0.0024533921387046576
455,218400,-0.11565925910981605,-0.12000000246916898,0.3596740740740741,32.9,4.2405853271484375,0.003791512455791235,-0.30817651748657227,0.002585573587566614
460,220800,-0.09719999871595064,-0.10703703683975618,0.33244444444444443,26.8,3.9198880195617676,0.0034671712201088667,-0.26814407110214233,0.0026910246815532446
465,223200,-0.06668148015305633,-0.07044444252824178,0.2956740740740741,24.0,3.5056915283203125,0.0031219737138599157,-0.12533949315547943,0.002595331287011504
470,225600,-0.0541185186477378,-0.009037038529640995,0.3108148148148148,26.6,3.19748592376709,0.0034049940295517445,-0.29970985651016235,0.0026968864258378744
475,228000,-0.048266666058043486,-0.06451851816382259,0.3313777777777777,27.8,3.380864143371582,0.0022412813268601894,-0.12246108055114746,0.0025578131899237633
480,230400,-0.08047407240228495,-0.08659258890838828,0.3284148148148148,29.6,3.5527021884918213,0.0031713040079921484,-0.13514746725559235,0.0026815871242433786
485,232800,-0.09709629548015072,-0.08103703771485016,0.3275259259259259,28.0,3.785609722137451,0.0035404711961746216,-0.10931075364351273,0.0026640056166797876
490,235200,-0.0854814808582887,-0.07814814624725841,0.34927407407407407,29.7,4.263267517089844,0.0037042370531708,-0.2885165512561798,0.002550936071202159
495,237600,-0.12734814780851594,-0.15511111280648038,0.37291851851851854,30.7,4.384146690368652,0.008107535541057587,-0.39985448122024536,0.002663984429091215
500,240000,-0.13331851978873602,-0.1449629671042203,0.3235259259259259,29.2,4.669512748718262,0.004369272384792566,-0.29751521348953247,0.002358128782361746
505,242400,-0.0881777770962799,-0.086148146801861,0.335111111111111,28.3,4.665329933166504,0.0036033953074365854,-0.15970923006534576,0.0023192684166133404
510,244800,-0.15918518676480745,-0.14059259490750264,0.3468148148148148,31.5,4.377192974090576,0.0062453667633235455,-0.24101482331752777,0.0024230685085058212
515,247200,-0.04722962902305881,-0.02970370625553187,0.3874370370370371,34.4,4.255018711090088,0.0062071713618934155,-0.2593964636325836,0.0025308311451226473
520,249600,-0.0660296287984238,-0.06014814606169239,0.3833481481481481,29.5,4.171253204345703,0.00414179777726531,-0.08623755723237991,0.0026619932614266872
525,252000,-0.06453333270183066,-0.055037036319845356,0.36346666666666666,31.0,4.169756889343262,0.003932526335120201,0.06744475662708282,0.0026978144887834787
530,254400,-0.08908147983602248,-0.07414814620278776,0.3442962962962963,30.1,4.300636291503906,0.0034815596882253885,-0.1650269478559494,0.0025546064134687185
535,256800,-0.09573333326552529,-0.07222222226846498,0.34551111111111116,29.9,4.141258239746094,0.005247154738754034,-0.42727479338645935,0.002650334732607007
540,259200,-0.12111110919795465,-0.14414814647170715,0.3602666666666667,32.5,4.263271331787109,0.005808117799460888,-0.3616311252117157,0.0027638927567750216
545,261600,-0.062074073881376535,-0.05844444583635777,0.3421037037037037,29.2,3.958056926727295,0.004869343712925911,-0.35188376903533936,0.0026503335684537888
550,264000,-0.05437036975781666,-0.0660000006100745,0.3640296296296296,30.6,3.767207145690918,0.004115163814276457,0.17178864777088165,0.0026439926587045193
555,266400,-0.04300740638136631,-0.039407408083206974,0.3611259259259259,31.3,3.682537317276001,0.004220588132739067,0.3435760736465454,0.002756663365289569
560,268800,-0.06508148084685672,-0.09540740633383393,0.33194074074074076,28.0,3.5265135765075684,0.002847087336704135,0.04076133668422699,0.0027553748805075884
565,271200,-0.057777776377042754,-0.03288888282258995,0.34488888888888886,30.0,3.577866554260254,0.0020982420537620783,0.007743739988654852,0.0027631516568362713
570,273600,-0.07317036898748483,-0.029259256945806555,0.34580740740740745,29.2,4.272006988525391,0.003943286370486021,-0.12073958665132523,0.0026927217841148376
575,276000,-0.0751111108562327,-0.0437037011506618,0.36364444444444444,29.7,4.371880531311035,0.0036529686767607927,-0.36463961005210876,0.0026920505333691835
580,278400,-0.06771851738740224,-0.08007407338300254,0.3391703703703704,27.5,4.531609535217285,0.0030678787734359503,-0.4158952832221985,0.0025766058824956417
585,280800,0.009496296868019272,0.0033333323808619753,0.3780740740740741,30.0,4.5419535636901855,0.003816803451627493,-0.15732774138450623,0.00255753006786108
590,283200,-0.06394074017734966,-0.052592593972804025,0.33312592592592594,28.2,4.339683532714844,0.004166414495557547,-0.21157000958919525,0.002728377701714635
595,285600,-0.06918518478632904,-0.055555554034071974,0.38023703703703704,33.2,4.310243129730225,0.0039731417782604694,-0.38689956068992615,0.0027408308815211058
600,288000,-0.07561481451266445,-0.0915555518004112,0.34100740740740737,29.0,4.51956844329834,0.004328822251409292,-0.26203373074531555,0.0024689307902008295
605,290400,-0.08848888835054822,-0.09155555837787688,0.3336,29.7,4.483651161193848,0.004139463417232037,-0.20665243268013,0.002514895750209689
610,292800,-0.0518370355857769,-0.05696296421228908,0.36536296296296294,28.7,4.426654815673828,0.0034510630648583174,-0.1763647347688675,0.002479070797562599
615,295200,-0.08690370339754735,-0.0941481503250543,0.3854518518518519,31.0,4.659919261932373,0.003565744962543249,-0.2547946870326996,0.002200153423473239
620,297600,-0.051407407446822616,-0.03725925975595601,0.37303703703703694,29.2,4.478905200958252,0.0023659130092710257,-0.14891532063484192,0.0024032997898757458
625,300000,-0.09801481045869878,-0.07414814450021368,0.35629629629629633,28.6,4.483401775360107,0.0033129374496638775,-0.21439258754253387,0.00243042828515172
630,302400,-0.1552888893042109,-0.1505925966775976,0.35946666666666666,31.6,4.333532810211182,0.003254840848967433,-0.28707581758499146,0.002513619838282466
635,304800,-0.0662074070176459,-0.048888887744396925,0.34112592592592594,27.7,4.574038982391357,0.0030466830357909203,-0.3726889193058014,0.002299029380083084
640,307200,-0.08789629608945689,-0.09444444334076252,0.3379259259259259,28.4,4.3128132820129395,0.0036514727398753166,-0.2704334259033203,0.0026050193700939417
645,309600,-0.12062222098757047,-0.10933333307912108,0.3586666666666667,30.0,4.490095138549805,0.0032206138130277395,-0.36845675110816956,0.002453922526910901
650,312000,-0.047199998906580734,-0.05807407226529904,0.356,26.8,4.5332770347595215,0.0028063536155968904,-0.2416333556175232,0.002414537128061056
655,314400,-0.07536296215839684,-0.06948147897492163,0.34903703703703703,28.6,4.559708595275879,0.0026804571971297264,-0.47557368874549866,0.0023359525948762894
660,316800,-0.0734222214698093,-0.10237036595935933,0.35715555555555556,26.5,4.411218166351318,0.0038198824040591717,-0.24895164370536804,0.002492522122338414
665,319200,-0.038192591647384685,-0.018222223239718005,0.35380740740740746,26.7,4.608086585998535,0.003071863204240799,-0.27572765946388245,0.0022864555940032005
670,321600,-0.06982222282822477,-0.08474074196419679,0.3574222222222222,29.5,4.329378604888916,0.004178108647465706,-0.18197001516819,0.0025792536325752735
675,324000,-0.11837036912620533,-0.09370370098622516,0.3072296296296296,26.3,4.703848361968994,0.004241027403622866,-0.2345261573791504,0.002307283692061901
680,326400,-0.055525923453387804,-0.0031851838575676084,0.36331851851851854,30.9,4.393738746643066,0.004377356264740229,-0.41739746928215027,0.0026445502880960703
685,328800,-0.10371851898380555,-0.10140740596398246,0.3503703703703704,29.5,4.643988132476807,0.004392324946820736,-0.3097609877586365,0.002333984477445483
690,331200,-0.06401481514767511,-0.04348148370627314,0.3919407407407407,32.4,4.540112495422363,0.0036645277868956327,-0.27335885167121887,0.0024787422735244036
695,333600,-0.13140740707458462,-0.150592594553018,0.3433481481481481,27.4,4.537149429321289,0.0038695388939231634,-0.3463905453681946,0.0024876976385712624
700,336000,-0.09903703663730994,-0.1009629666514229,0.33371851851851847,28.7,4.632687568664551,0.0035199502017349005,-0.19494061172008514,0.0023370347917079926
705,338400,-0.08755555502721109,-0.06822222462506033,0.3597333333333333,29.2,4.496368408203125,0.0035004594828933477,-0.2680223882198334,0.0025010870303958654
710,340800,-0.12927407413517358,-0.11999999884574208,0.3438814814814815,30.7,4.365091800689697,0.0034176157787442207,-0.2732143700122833,0.002624889137223363
715,343200,-0.06296296235086629,-0.06437036949500907,0.3845925925925926,32.5,4.596118927001953,0.0031819825526326895,-0.23324434459209442,0.0023731067776679993
720,345600,-0.10001481376675656,-0.11807407534797676,0.3544296296296296,30.4,4.416177272796631,0.004176431801170111,-0.23592178523540497,0.002576632658019662
725,348000,-0.09186666487948969,-0.06392592469637748,0.35786666666666667,26.7,4.584995269775391,0.0027161501348018646,-0.47473493218421936,0.0024159231688827276
730,350400,-0.13139259102463258,-0.1014814788068179,0.3243851851851852,28.4,4.537912845611572,0.004178827162832022,-0.21230961382389069,0.0024921405129134655
735,352800,-0.10948148096358637,-0.1114814798347652,0.383762962962963,32.3,4.580641746520996,0.003473286284133792,-0.4025748074054718,0.0024319353979080915
740,355200,-0.08368888879049337,-0.12896296079270542,0.3792888888888889,31.8,4.370550632476807,0.0036798908840864897,-0.2849666476249695,0.002537568798288703
745,357600,-0.13177777592500206,-0.17881481484801043,0.3316444444444444,25.7,4.593944072723389,0.004576420411467552,-0.2664784789085388,0.0024065023753792048
750,360000,-0.12161481365765212,-0.09259259022655897,0.33727407407407406,28.2,4.493382453918457,0.0037749679759144783,-0.15311090648174286,0.002454871078953147
755,362400,-0.024562961398623885,-0.039407405551173724,0.36814814814814817,28.9,4.516123294830322,0.005937902722507715,-0.16625523567199707,0.002369718160480261
760,364800,-0.07435555592965101,-0.08755555778043345,0.3499555555555555,29.2,4.632666110992432,0.004548364784568548,-0.21424725651741028,0.002333571668714285
765,367200,-0.09768888844846516,-0.0963703697634628,0.3580444444444445,27.6,4.5162482261657715,0.002932812785729766,-0.188411146402359,0.002440245356410742
770,369600,-0.10771851687022718,-0.11533333096303977,0.36272592592592595,32.9,4.526702880859375,0.003884210716933012,-0.2704373598098755,0.0024665866512805223
775,372000,-0.11881481523450929,-0.10133333218982443,0.35709629629629636,31.3,4.522861480712891,0.0030107463244348764,-0.3683750331401825,0.0024188742972910404
780,374400,-0.07318518514366587,-0.11459259150433354,0.35365925925925923,30.7,4.564155578613281,0.0026083015836775303,-0.34713348746299744,0.002375092590227723
785,376800,-0.07825185095571215,-0.10259259298618417,0.3454814814814815,27.4,4.519564628601074,0.004117471631616354,-0.18872609734535217,0.0024790866300463676
790,379200,-0.06934814723790624,-0.028296296863118187,0.36074074074074075,30.6,4.577981948852539,0.003867700695991516,-0.2548411190509796,0.002382853301241994
795,381600,-0.09902222103701205,-0.09525925551133696,0.3682666666666667,32.4,4.367302894592285,0.004229782149195671,-0.41496384143829346,0.0025729008484631777
800,384000,-0.11462222194386414,-0.10622222277743276,0.3370666666666667,28.8,4.612582206726074,0.004151602741330862,-0.31507450342178345,0.0023640624713152647
805,386400,-0.11508148081193212,-0.10777777878683992,0.3546074074074074,29.4,4.556725025177002,0.0041551548056304455,-0.28214484453201294,0.0023907478898763657
810,388800,-0.08103703643137124,-0.07600000110687688,0.3582518518518519,32.2,4.568859577178955,0.0032894567120820284,-0.2681575119495392,0.0023725919891148806
815,391200,-0.07588148027716671,-0.06140740662522148,0.3438518518518518,26.3,4.437664985656738,0.00283047161065042,-0.1772986501455307,0.0024970737285912037
820,393600,-0.10355555681308033,-0.10162962785398122,0.34328888888888887,30.9,4.565293788909912,0.004201954696327448,-0.0527859702706337,0.002455757698044181
825,396000,-0.12909629537025466,-0.16303703651647083,0.34094814814814817,27.7,4.54759407043457,0.0036760142538696527,-0.2542675733566284,0.002586700953543186
830,398400,-0.126088888765662,-0.09777777927229181,0.35173333333333334,31.6,4.590806484222412,0.004058104008436203,-0.22742682695388794,0.002490375190973282
835,400800,-0.13081481478147908,-0.1367407423676923,0.3390518518518518,30.0,4.649954319000244,0.002593957120552659,-0.20422495901584625,0.0023898337967693806
840,403200,-0.05906666641385527,-0.05777778031188063,0.34080000000000005,28.4,4.6350579261779785,0.00456461263820529,-0.28920263051986694,0.0024326129350811243
845,405600,-0.06877037045924225,-0.05444444761087652,0.34447407407407404,27.9,4.4948530197143555,0.003356445347890258,-0.1789039671421051,0.002569642849266529
850,408000,-0.10598518597253133,-0.09592592535045696,0.37623703703703704,30.0,4.419715404510498,0.005094532389193773,-0.37640026211738586,0.002607978880405426
855,410400,-0.12288888879993465,-0.08851851869258098,0.3390222222222222,30.2,4.643178939819336,0.003525835694745183,-0.413886696100235,0.002326375339180231
860,412800,-0.06808888780069537,-0.06044444550934713,0.3587555555555556,28.9,4.558611869812012,0.0038189063780009747,-0.3313549757003784,0.0023835115134716034
865,415200,-0.10865185097500216,-0.10970370021823328,0.36094814814814813,28.7,4.549416542053223,0.003460040083155036,-0.23932161927223206,0.0024346879217773676
870,417600,-0.11757036885828712,-0.08444444197812118,0.3353185185185185,28.0,4.560436248779297,0.00586872361600399,-0.24500258266925812,0.0024219865445047617
875,420000,-0.0732148140843492,-0.10518518224125728,0.35931851851851854,29.0,4.428501605987549,0.002735760062932968,-0.015835952013731003,0.002497064881026745
880,422400,-0.13306666597054573,-0.13059259008150548,0.35848888888888897,30.3,4.435720443725586,0.0029422880616039038,-0.3195025622844696,0.002509715035557747
885,424800,-0.08477036801486974,-0.09237036903505214,0.34456296296296296,29.0,4.370995998382568,0.0037613464519381523,-0.32358723878860474,0.0025324758607894182
890,427200,-0.11388148258265574,-0.14022222388302907,0.35478518518518515,29.1,4.509662628173828,0.004440614953637123,-0.29965054988861084,0.0024165825452655554
895,429600,-0.05437036983785219,-0.0508148149237968,0.35505185185185184,31.9,4.4165425300598145,0.0033226115629076958,-0.3345927596092224,0.0024684371892362833
900,432000,-0.09500740743242204,-0.09281481421203353,0.36645925925925926,30.3,4.442440986633301,0.00386324105784297,-0.27972155809402466,0.0024003733415156603
905,434400,-0.07882962946023327,-0.07140740561590064,0.3459259259259259,29.5,4.615381717681885,0.004034809302538633,-0.2577459514141083,0.0021811199840158224
910,436800,-0.12891851803142346,-0.1178518510714639,0.33845925925925924,27.2,4.341801643371582,0.003763623535633087,-0.29590004682540894,0.0025430151727050543
915,439200,-0.08558518506470136,-0.07733333214127924,0.3416592592592593,28.7,4.497786521911621,0.003590902080759406,-0.1938454955816269,0.00238501257263124
920,441600,-0.09819259165669791,-0.07177777652395889,0.3234074074074074,27.0,4.389286041259766,0.0030508413910865784,-0.12205934524536133,0.002482605865225196
5,2400,-0.0462222214002395,-0.015333331481087953,0.3118222222222222,26.6,1.0595194101333618,31.409257888793945,0.3309616446495056,0.002410130575299263
10,4800,-0.020681480699568055,-0.04029629673459567,0.33914074074074074,25.8,1.3014875650405884,2.8953938484191895,0.07786888629198074,0.0023093430791050196
15,7200,-0.082399997972243,-0.08599999817670323,0.33840000000000003,27.1,1.3702400922775269,3.3494019508361816,-0.32782983779907227,0.0024463976733386517
20,9600,-0.07616296155902091,-0.046814814224489965,0.36317037037037037,31.2,1.4886107444763184,2.650689125061035,0.41246822476387024,0.0026146890595555305
25,12000,-0.10379259239416569,-0.09088888957921881,0.3579851851851852,31.3,1.54874587059021,0.9949532747268677,-0.33908790349960327,0.0025667741429060698
30,14400,-0.05392592600837816,-0.0648888889409136,0.3369185185185185,28.5,1.3664672374725342,1.6569193601608276,-0.17170347273349762,0.00296330195851624
35,16800,-0.007333331961126533,0.006444445825763978,0.3557333333333333,30.3,1.7021567821502686,0.5070232152938843,0.17857806384563446,0.0025519253686070442
40,19200,-0.21823703749687412,-0.22325925885525066,0.3608296296296296,30.6,1.573632836341858,0.3099437654018402,0.42002609372138977,0.0032697285059839487
45,21600,-0.1170666656413232,-0.13622221753757913,0.39084444444444444,29.8,1.4236280918121338,0.22797295451164246,-0.2784549593925476,0.003067775396630168
50,24000,-0.1433629629565985,-0.17681481291219825,0.3231703703703704,28.3,0.8198396563529968,0.11526573449373245,0.15957139432430267,0.003209517104551196
55,26400,-0.05303703520767158,-0.051407406223006546,0.3170962962962963,27.7,0.6348046660423279,0.07247007638216019,0.04307263717055321,0.00354120135307312
60,28800,-0.1331407405959908,-0.1237777761707548,0.3188148148148148,27.1,0.7411255836486816,0.049346018582582474,-0.12627409398555756,0.003164030844345689
65,31200,-0.17256295979314018,-0.15237036907637957,0.3336592592592592,30.2,1.2663285732269287,0.05244016647338867,0.04000629484653473,0.0033290041610598564
70,33600,0.01225185310759116,0.012888890923932195,0.3343407407407407,26.6,1.2331182956695557,0.03125617280602455,0.30256378650665283,0.0024657268077135086
75,36000,-0.047644442407181485,-0.019333333082613535,0.3139555555555556,27.4,1.0522210597991943,0.04336743429303169,0.4678012430667877,0.002456767251715064
80,38400,-0.03579259014222771,-0.027703703723091166,0.3196740740740741,25.1,0.9402401447296143,0.04227740690112114,0.32646694779396057,0.0026704715564846992
85,40800,-0.02054814683360746,0.012000003000139259,0.2770074074074074,23.9,1.080857753753662,0.01587301306426525,-0.09780342131853104,0.0025116060860455036
90,43200,0.027525926441012417,0.06266666614101268,0.25997037037037035,21.2,1.2878820896148682,0.04602258279919624,-0.20952312648296356,0.002654844429343939
95,45600,-0.04370370308024576,-0.01792592482524924,0.2698074074074074,23.5,1.0786420106887817,0.03873562812805176,-0.13778236508369446,0.0028918145690113306
100,48000,0.004296297063410748,0.020740740146720782,0.22331851851851853,19.5,0.9954729676246643,0.015352762304246426,-0.01220471877604723,0.002937213983386755
105,50400,0.059703704062849285,0.060814814729383215,0.17917037037037037,15.4,0.9718806743621826,0.012120516039431095,0.030950231477618217,0.0026682547759264708
110,52800,0.008607406564988197,0.02570370135072153,0.2500740740740741,20.7,1.1612416505813599,0.012614797800779343,0.053955066949129105,0.002786546479910612
115,55200,0.03693333535193233,0.05800000151793938,0.2857777777777778,23.9,1.1462020874023438,0.026293668895959854,0.14690838754177094,0.002917594974860549
120,57600,0.023437037282565142,0.008296294705360197,0.2965037037037037,26.6,1.0794098377227783,0.030786117538809776,0.2442343533039093,0.003066596807911992
125,60000,0.01900740930432221,0.027259260896244086,0.3121185185185185,26.9,0.8173873424530029,0.030890608206391335,0.061970073729753494,0.0030271140858531
130,62400,0.01835555624857079,0.027259259339189157,0.30995555555555554,27.5,0.7766828536987305,0.01834324561059475,0.049930837005376816,0.002617484424263239
135,64800,0.052488888657535426,0.04074074109666981,0.31671111111111117,24.1,0.7541192173957825,0.024454424157738686,0.06674497574567795,0.0029928090516477823
140,67200,0.042962965916376564,0.0648888901778264,0.33682962962962965,27.4,0.5639604926109314,0.027266347780823708,0.13443438708782196,0.003284117439761758
145,69600,0.061348150002595504,0.09296296622778755,0.3613925925925926,29.0,0.6635101437568665,0.08200368285179138,0.1400325745344162,0.0032425427343696356
150,72000,0.030533335085783618,0.026592594615067355,0.324,28.9,0.6858165860176086,0.025145968422293663,0.11328176409006119,0.0034728851169347763
155,74400,0.041777780487609564,0.05200000069453381,0.33982222222222225,28.0,0.4793468415737152,0.025100182741880417,-0.1611129492521286,0.0033255061134696007
160,76800,0.019600001761864404,0.014740741389687173,0.3272888888888889,25.4,0.4795091152191162,0.02257160097360611,-0.09745892137289047,0.0030380296520888805
165,79200,-0.00026666498160921037,0.01303703905432485,0.3633777777777778,30.2,0.43523702025413513,0.04154900833964348,-0.11151394993066788,0.002978792879730463
170,81600,0.09281481688230997,0.09800000388349872,0.341837037037037,27.9,0.5411505103111267,0.03849486634135246,0.31767159700393677,0.0027879076078534126
175,84000,-0.07057777741574682,-0.05548147876106668,0.3216,29.3,0.7807638645172119,0.03533763065934181,0.11560482531785965,0.0029528795275837183
180,86400,-0.021629627590300515,-0.028814809033065103,0.34272592592592593,25.1,0.7012356519699097,0.03910112380981445,-0.15356479585170746,0.0028987580444663763
185,88800,-0.08702222110296134,-0.09755555505398661,0.33128888888888885,27.7,0.793331503868103,0.038816869258880615,-0.06354960799217224,0.002444610698148608
190,91200,-0.0887407386515406,-0.05651851580478251,0.32032592592592596,25.9,0.9497109651565552,0.025773439556360245,0.13054877519607544,0.0022413169499486685
195,93600,0.01767407465958968,0.03985185221245047,0.3463407407407408,29.1,1.2108008861541748,0.017161794006824493,0.3498031497001648,0.002022442640736699
200,96000,-0.03170370298321359,-0.028814813733333722,0.37469629629629625,30.7,1.3004789352416992,0.018524592742323875,-0.5161735415458679,0.00257997028529644
205,98400,0.003466668819601182,0.024740744847804308,0.4026666666666666,32.8,1.1734325885772705,0.015170570462942123,-0.11606217920780182,0.0030259876511991024
210,100800,-0.047925925129675306,-0.06325925615965389,0.3396740740740741,27.8,1.0579842329025269,0.015381396748125553,0.30577412247657776,0.003056694520637393
215,103200,-0.04687407158489805,-0.026518515427596867,0.3405925925925926,28.6,1.023341417312622,0.01794305071234703,0.006889367010444403,0.0030204986687749624
5,1200,1.0000000074505806,1.0000000074505806,1.0,27.0,2.172699451446533,0.058946896344423294,0.008525526151061058,0.04136352241039276
10,2400,1.0000000074505806,1.0000000074505806,1.0,27.0,2.1683309078216553,0.019623588770627975,0.10680794715881348,0.03354154899716377
5,1200,1.0000000074505806,1.0000000074505806,1.0,27.0,2.5339488983154297,0.08299481123685837,0.2609870731830597,0.02662004344165325
5,1200,1.0000000074505806,1.0000000074505806,1.0,27.0,2.5339488983154297,0.08299481123685837,0.2609870731830597,0.02662004344165325
10,2400,1.0000000074505806,1.0000000074505806,1.0,27.0,2.677873134613037,0.07544595748186111,0.11925946921110153,0.010135111398994923
5,1200,1.0000000074505806,1.0000000074505806,1.0,27.0,2.5339488983154297,0.08299481123685837,0.2609870731830597,0.02662004344165325
10,2400,1.0000000074505806,1.0000000074505806,1.0,27.0,2.677873134613037,0.07544595748186111,0.11925946921110153,0.010135111398994923
5,1200,0.48518518880009653,0.46296296641230583,0.4851851851851851,13.1,2.8062078952789307,0.0747392401099205,0.08555389195680618,0.011944823898375034
10,2400,0.5111111149191856,0.5000000037252903,0.5111111111111111,13.8,2.87892746925354,0.028622252866625786,0.0004480113566387445,0.008470180444419384
15,3600,0.48518518880009653,0.42592592909932137,0.4851851851851851,13.1,2.824028968811035,0.02544557675719261,0.047974489629268646,0.01043443288654089
20,4800,0.4925925962626934,0.5000000037252903,0.4925925925925926,13.3,2.867802619934082,0.02770259417593479,-0.00015539130254182965,0.008246378973126411
5,1200,1.0000000074505806,1.0000000074505806,1.0,27.0,2.5972325801849365,0.08190393447875977,0.23903857171535492,0.022742386907339096
10,2400,1.0000000074505806,1.0000000074505806,1.0,27.0,2.7095417976379395,0.07139388471841812,0.0610707588493824,0.008634069003164768
5,1200,0.48518518880009653,0.46296296641230583,0.4851851851851851,13.1,2.8062078952789307,0.0747392401099205,0.08555389195680618,0.011944823898375034
10,2400,0.5111111149191856,0.5000000037252903,0.5111111111111111,13.8,2.87892746925354,0.028622252866625786,0.0004480113566387445,0.008470180444419384
15,3600,0.48518518880009653,0.42592592909932137,0.4851851851851851,13.1,2.824028968811035,0.02544557675719261,0.047974489629268646,0.01043443288654089
20,4800,0.4925925962626934,0.5000000037252903,0.4925925925925926,13.3,2.867802619934082,0.02770259417593479,-0.00015539130254182965,0.008246378973126411
25,6000,0.5111111149191856,0.48148148506879807,0.5111111111111112,13.8,2.872507095336914,0.008666844107210636,0.023879464715719223,0.007797109428793192
30,7200,0.5592592634260655,0.5370370410382748,0.5592592592592592,15.1,2.844033718109131,0.013159357942640781,-0.011799542233347893,0.01148227509111166
35,8400,0.48148148506879807,0.5000000037252903,0.4814814814814815,13.0,2.867169141769409,0.01883864216506481,0.0056807198561728,0.007768138311803341
40,9600,0.5111111149191856,0.5185185223817825,0.5111111111111111,13.8,2.872852087020874,0.008237248286604881,0.00916188582777977,0.007480130530893803
45,10800,0.37777778059244155,0.37037037312984467,0.3777777777777778,10.2,2.874972105026245,0.007659717462956905,0.005767488386482,0.003615287598222494
50,12000,0.5629629671573639,0.555555559694767,0.562962962962963,15.2,2.862497329711914,0.012266748584806919,-0.0047457097098231316,0.01019398495554924
55,13200,0.522222226113081,0.5000000037252903,0.5222222222222224,14.1,2.8754405975341797,0.008877853862941265,0.01887405663728714,0.006522250361740589
60,14400,0.4185185216367245,0.4444444477558136,0.4185185185185185,11.3,2.8819642066955566,0.015152853913605213,-0.012000243179500103,0.00711904838681221
65,15600,0.622222226858139,0.5925925970077515,0.6222222222222223,16.8,2.835664749145508,0.007198350504040718,-0.017090309411287308,0.011930262669920921
70,16800,0.48888889253139495,0.5000000037252903,0.48888888888888893,13.2,2.8814258575439453,0.005356610752642155,0.01910948008298874,0.005782685242593288
75,18000,0.4518518552184105,0.5000000037252903,0.45185185185185184,12.2,2.8496270179748535,0.0077923680655658245,-0.020076828077435493,0.00819648988544941
80,19200,0.5333333373069763,0.48148148506879807,0.5333333333333333,14.4,2.8402771949768066,0.006796922069042921,-0.06159616634249687,0.010119804181158543
85,20400,0.45555555894970895,0.5000000037252903,0.45555555555555555,12.3,2.867400646209717,0.00778768677264452,-0.021010303869843483,0.0068447585217654705
90,21600,0.5333333373069763,0.555555559694767,0.5333333333333332,14.4,2.857862710952759,0.011530675925314426,0.00280894641764462,0.009308431297540665
95,22800,0.6333333380520344,0.5925925970077515,0.6333333333333334,17.1,2.8348073959350586,0.00704813189804554,-0.04581349715590477,0.010612906888127327
100,24000,0.555555559694767,0.5740740783512592,0.5555555555555556,15.0,2.844057559967041,0.005688869394361973,-0.015885893255472183,0.005598187446594238
105,25200,0.5814814858138562,0.5370370410382748,0.5814814814814815,15.7,2.7961020469665527,0.006003748159855604,-0.029062271118164062,0.007767717819660902
110,26400,0.5111111149191856,0.5000000037252903,0.5111111111111112,13.8,2.7807555198669434,0.009103823453187943,0.06703972071409225,0.005678927525877953
115,27600,0.588888893276453,0.6296296343207359,0.5888888888888889,15.9,2.792372703552246,0.007229572627693415,-0.013229100033640862,0.007236382458359003
120,28800,0.5814814858138562,0.5925925970077515,0.5814814814814815,15.7,2.7836720943450928,0.007647269405424595,-0.03194131702184677,0.006472236011177301
125,30000,0.5629629671573639,0.5185185223817825,0.562962962962963,15.2,2.7952680587768555,0.008111461997032166,-0.014400728978216648,0.00727569404989481
130,31200,0.5000000037252903,0.5000000037252903,0.5,13.5,2.8011717796325684,0.007310907356441021,-0.016985956579446793,0.004738011863082647
135,32400,0.588888893276453,0.555555559694767,0.5888888888888888,15.9,2.7362325191497803,0.008649501949548721,0.0007043838268145919,0.008504586294293404
140,33600,0.5666666708886623,0.5185185223817825,0.5666666666666667,15.3,2.7768800258636475,0.01219138689339161,-0.0617898628115654,0.008297950029373169
145,34800,0.5814814858138562,0.6296296343207359,0.5814814814814815,15.7,2.761639356613159,0.011136229149997234,-0.04977407306432724,0.008138381876051426
150,36000,0.5333333373069763,0.5000000037252903,0.5333333333333334,14.4,2.7648377418518066,0.01226833090186119,-0.034057315438985825,0.0073686689138412476
155,37200,0.6000000044703484,0.5925925970077515,0.6,16.2,2.720175266265869,0.008462818339467049,0.022563457489013672,0.007249942049384117
160,38400,0.6481481529772282,0.6111111156642437,0.6481481481481481,17.5,2.720986843109131,0.005714903585612774,-0.09678257256746292,0.009822862222790718
165,39600,0.6370370417833329,0.5925925970077515,0.637037037037037,17.2,2.614057779312134,0.008886906318366528,-0.053498219698667526,0.008770105428993702
170,40800,0.7333333387970924,0.7222222276031971,0.7333333333333333,19.8,2.5862362384796143,0.0073459576815366745,-0.08213526755571365,0.009745395742356777
175,42000,0.6148148193955422,0.6296296343207359,0.6148148148148148,16.6,2.5913546085357666,0.010893174447119236,0.09225653111934662,0.005200470797717571
180,43200,0.5851851895451545,0.5925925970077515,0.5851851851851853,15.8,2.5890016555786133,0.010760532692074776,-0.038072872906923294,0.005154697690159082
185,44400,0.6703703753650189,0.6481481529772282,0.6703703703703703,18.1,2.4714198112487793,0.009022065438330173,-0.06800022721290588,0.008161088451743126
190,45600,0.6407407455146312,0.6111111156642437,0.6407407407407406,17.3,2.530759334564209,0.003770618699491024,-0.05318300426006317,0.004318915773183107
195,46800,0.6592592641711235,0.7037037089467049,0.6592592592592592,17.8,2.480260133743286,0.004958186764270067,-0.026265621185302734,0.006163990590721369
200,48000,0.6037037082016468,0.555555559694767,0.6037037037037037,16.3,2.5092058181762695,0.006399550009518862,-0.07643231004476547,0.007082623895257711
205,49200,0.6740740790963173,0.6666666716337204,0.674074074074074,18.2,2.406639575958252,0.006752698682248592,-0.09469198435544968,0.010081328451633453
210,50400,0.6592592641711235,0.6296296343207359,0.6592592592592592,17.8,2.427644729614258,0.00574229471385479,-0.05703813210129738,0.007366236299276352
215,51600,0.5925925970077515,0.6111111156642437,0.5925925925925927,16.0,2.3943068981170654,0.010231811553239822,0.055768631398677826,0.0050266035832464695
220,52800,0.6777777828276157,0.7222222276031971,0.6777777777777778,18.3,2.334460735321045,0.007918053306639194,-0.10163655132055283,0.007581002544611692
225,54000,0.6703703753650189,0.6851851902902126,0.6703703703703704,18.1,2.4419918060302734,0.005897664465010166,-0.08967404067516327,0.005734186619520187
230,55200,0.622222226858139,0.5925925970077515,0.6222222222222222,16.8,2.425469398498535,0.00615324079990387,-0.045763395726680756,0.005337451118975878
235,56400,0.6888888940215111,0.6666666716337204,0.6888888888888889,18.6,2.402120351791382,0.0026232388336211443,-0.03800123557448387,0.009513812139630318
240,57600,0.5703703746199608,0.5740740783512592,0.5703703703703704,15.4,2.39827036857605,0.005438251420855522,0.04408295080065727,0.005109327845275402
245,58800,0.6185185231268406,0.6111111156642437,0.6185185185185185,16.7,2.403442859649658,0.004519849084317684,-0.015173260122537613,0.006033460609614849
250,60000,0.7185185238718986,0.7407407462596893,0.7185185185185186,19.4,2.414841890335083,0.007168196141719818,0.05711323395371437,0.006883334368467331
5,1200,0.48518518880009653,0.46296296641230583,0.4851851851851851,13.1,2.8062078952789307,0.0747392401099205,0.08555389195680618,0.011944823898375034
10,2400,0.5111111149191856,0.5000000037252903,0.5111111111111111,13.8,2.87892746925354,0.028622252866625786,0.0004480113566387445,0.008470180444419384
15,3600,0.48518518880009653,0.42592592909932137,0.4851851851851851,13.1,2.824028968811035,0.02544557675719261,0.047974489629268646,0.01043443288654089
20,4800,0.4925925962626934,0.5000000037252903,0.4925925925925926,13.3,2.867802619934082,0.02770259417593479,-0.00015539130254182965,0.008246378973126411
25,6000,0.5111111149191856,0.48148148506879807,0.5111111111111112,13.8,2.872507095336914,0.008666844107210636,0.023879464715719223,0.007797109428793192
30,7200,0.5592592634260655,0.5370370410382748,0.5592592592592592,15.1,2.844033718109131,0.013159357942640781,-0.011799542233347893,0.01148227509111166
35,8400,0.48148148506879807,0.5000000037252903,0.4814814814814815,13.0,2.867169141769409,0.01883864216506481,0.0056807198561728,0.007768138311803341
40,9600,0.5111111149191856,0.5185185223817825,0.5111111111111111,13.8,2.872852087020874,0.008237248286604881,0.00916188582777977,0.007480130530893803
45,10800,0.37777778059244155,0.37037037312984467,0.3777777777777778,10.2,2.874972105026245,0.007659717462956905,0.005767488386482,0.003615287598222494
50,12000,0.5629629671573639,0.555555559694767,0.562962962962963,15.2,2.862497329711914,0.012266748584806919,-0.0047457097098231316,0.01019398495554924
55,13200,0.522222226113081,0.5000000037252903,0.5222222222222224,14.1,2.8754405975341797,0.008877853862941265,0.01887405663728714,0.006522250361740589
60,14400,0.4185185216367245,0.4444444477558136,0.4185185185185185,11.3,2.8819642066955566,0.015152853913605213,-0.012000243179500103,0.00711904838681221
65,15600,0.622222226858139,0.5925925970077515,0.6222222222222223,16.8,2.835664749145508,0.007198350504040718,-0.017090309411287308,0.011930262669920921
70,16800,0.48888889253139495,0.5000000037252903,0.48888888888888893,13.2,2.8814258575439453,0.005356610752642155,0.01910948008298874,0.005782685242593288
75,18000,0.4518518552184105,0.5000000037252903,0.45185185185185184,12.2,2.8496270179748535,0.0077923680655658245,-0.020076828077435493,0.00819648988544941
80,19200,0.5333333373069763,0.48148148506879807,0.5333333333333333,14.4,2.8402771949768066,0.006796922069042921,-0.06159616634249687,0.010119804181158543
85,20400,0.45555555894970895,0.5000000037252903,0.45555555555555555,12.3,2.867400646209717,0.00778768677264452,-0.021010303869843483,0.0068447585217654705
90,21600,0.5333333373069763,0.555555559694767,0.5333333333333332,14.4,2.857862710952759,0.011530675925314426,0.00280894641764462,0.009308431297540665
5,1200,0.48518518880009653,0.46296296641230583,0.4851851851851851,13.1,2.8062078952789307,0.0747392401099205,0.08555389195680618,0.011944823898375034
10,2400,0.5111111149191856,0.5000000037252903,0.5111111111111111,13.8,2.87892746925354,0.028622252866625786,0.0004480113566387445,0.008470180444419384
15,3600,0.48518518880009653,0.42592592909932137,0.4851851851851851,13.1,2.824028968811035,0.02544557675719261,0.047974489629268646,0.01043443288654089
20,4800,0.4925925962626934,0.5000000037252903,0.4925925925925926,13.3,2.867802619934082,0.02770259417593479,-0.00015539130254182965,0.008246378973126411
25,6000,0.5111111149191856,0.48148148506879807,0.5111111111111112,13.8,2.872507095336914,0.008666844107210636,0.023879464715719223,0.007797109428793192
30,7200,0.5592592634260655,0.5370370410382748,0.5592592592592592,15.1,2.844033718109131,0.013159357942640781,-0.011799542233347893,0.01148227509111166
35,8400,0.48148148506879807,0.5000000037252903,0.4814814814814815,13.0,2.867169141769409,0.01883864216506481,0.0056807198561728,0.007768138311803341
40,9600,0.5111111149191856,0.5185185223817825,0.5111111111111111,13.8,2.872852087020874,0.008237248286604881,0.00916188582777977,0.007480130530893803
45,10800,0.37777778059244155,0.37037037312984467,0.3777777777777778,10.2,2.874972105026245,0.007659717462956905,0.005767488386482,0.003615287598222494
50,12000,0.5629629671573639,0.555555559694767,0.562962962962963,15.2,2.862497329711914,0.012266748584806919,-0.0047457097098231316,0.01019398495554924
55,13200,0.522222226113081,0.5000000037252903,0.5222222222222224,14.1,2.8754405975341797,0.008877853862941265,0.01887405663728714,0.006522250361740589
60,14400,0.4185185216367245,0.4444444477558136,0.4185185185185185,11.3,2.8819642066955566,0.015152853913605213,-0.012000243179500103,0.00711904838681221
65,15600,0.622222226858139,0.5925925970077515,0.6222222222222223,16.8,2.835664749145508,0.007198350504040718,-0.017090309411287308,0.011930262669920921
70,16800,0.48888889253139495,0.5000000037252903,0.48888888888888893,13.2,2.8814258575439453,0.005356610752642155,0.01910948008298874,0.005782685242593288
75,18000,0.4518518552184105,0.5000000037252903,0.45185185185185184,12.2,2.8496270179748535,0.0077923680655658245,-0.020076828077435493,0.00819648988544941
80,19200,0.5333333373069763,0.48148148506879807,0.5333333333333333,14.4,2.8402771949768066,0.006796922069042921,-0.06159616634249687,0.010119804181158543
85,20400,0.45555555894970895,0.5000000037252903,0.45555555555555555,12.3,2.867400646209717,0.00778768677264452,-0.021010303869843483,0.0068447585217654705
90,21600,0.5333333373069763,0.555555559694767,0.5333333333333332,14.4,2.857862710952759,0.011530675925314426,0.00280894641764462,0.009308431297540665
95,22800,0.6333333380520344,0.5925925970077515,0.6333333333333334,17.1,2.8348073959350586,0.00704813189804554,-0.04581349715590477,0.010612906888127327
100,24000,0.555555559694767,0.5740740783512592,0.5555555555555556,15.0,2.844057559967041,0.005688869394361973,-0.015885893255472183,0.005598187446594238
105,25200,0.5814814858138562,0.5370370410382748,0.5814814814814815,15.7,2.7961020469665527,0.006003748159855604,-0.029062271118164062,0.007767717819660902
110,26400,0.5111111149191856,0.5000000037252903,0.5111111111111112,13.8,2.7807555198669434,0.009103823453187943,0.06703972071409225,0.005678927525877953
115,27600,0.588888893276453,0.6296296343207359,0.5888888888888889,15.9,2.792372703552246,0.007229572627693415,-0.013229100033640862,0.007236382458359003
120,28800,0.5814814858138562,0.5925925970077515,0.5814814814814815,15.7,2.7836720943450928,0.007647269405424595,-0.03194131702184677,0.006472236011177301
125,30000,0.5629629671573639,0.5185185223817825,0.562962962962963,15.2,2.7952680587768555,0.008111461997032166,-0.014400728978216648,0.00727569404989481
130,31200,0.5000000037252903,0.5000000037252903,0.5,13.5,2.8011717796325684,0.007310907356441021,-0.016985956579446793,0.004738011863082647
135,32400,0.588888893276453,0.555555559694767,0.5888888888888888,15.9,2.7362325191497803,0.008649501949548721,0.0007043838268145919,0.008504586294293404
140,33600,0.5666666708886623,0.5185185223817825,0.5666666666666667,15.3,2.7768800258636475,0.01219138689339161,-0.0617898628115654,0.008297950029373169
145,34800,0.5814814858138562,0.6296296343207359,0.5814814814814815,15.7,2.761639356613159,0.011136229149997234,-0.04977407306432724,0.008138381876051426
150,36000,0.5333333373069763,0.5000000037252903,0.5333333333333334,14.4,2.7648377418518066,0.01226833090186119,-0.034057315438985825,0.0073686689138412476
155,37200,0.6000000044703484,0.5925925970077515,0.6,16.2,2.720175266265869,0.008462818339467049,0.022563457489013672,0.007249942049384117
160,38400,0.6481481529772282,0.6111111156642437,0.6481481481481481,17.5,2.720986843109131,0.005714903585612774,-0.09678257256746292,0.009822862222790718
165,39600,0.6370370417833329,0.5925925970077515,0.637037037037037,17.2,2.614057779312134,0.008886906318366528,-0.053498219698667526,0.008770105428993702
170,40800,0.7333333387970924,0.7222222276031971,0.7333333333333333,19.8,2.5862362384796143,0.0073459576815366745,-0.08213526755571365,0.009745395742356777
175,42000,0.6148148193955422,0.6296296343207359,0.6148148148148148,16.6,2.5913546085357666,0.010893174447119236,0.09225653111934662,0.005200470797717571
180,43200,0.5851851895451545,0.5925925970077515,0.5851851851851853,15.8,2.5890016555786133,0.010760532692074776,-0.038072872906923294,0.005154697690159082
185,44400,0.6703703753650189,0.6481481529772282,0.6703703703703703,18.1,2.4714198112487793,0.009022065438330173,-0.06800022721290588,0.008161088451743126
190,45600,0.6407407455146312,0.6111111156642437,0.6407407407407406,17.3,2.530759334564209,0.003770618699491024,-0.05318300426006317,0.004318915773183107
195,46800,0.6592592641711235,0.7037037089467049,0.6592592592592592,17.8,2.480260133743286,0.004958186764270067,-0.026265621185302734,0.006163990590721369
200,48000,0.6037037082016468,0.555555559694767,0.6037037037037037,16.3,2.5092058181762695,0.006399550009518862,-0.07643231004476547,0.007082623895257711
205,49200,0.6740740790963173,0.6666666716337204,0.674074074074074,18.2,2.406639575958252,0.006752698682248592,-0.09469198435544968,0.010081328451633453
210,50400,0.6592592641711235,0.6296296343207359,0.6592592592592592,17.8,2.427644729614258,0.00574229471385479,-0.05703813210129738,0.007366236299276352
215,51600,0.5925925970077515,0.6111111156642437,0.5925925925925927,16.0,2.3943068981170654,0.010231811553239822,0.055768631398677826,0.0050266035832464695
220,52800,0.6777777828276157,0.7222222276031971,0.6777777777777778,18.3,2.334460735321045,0.007918053306639194,-0.10163655132055283,0.007581002544611692
225,54000,0.6703703753650189,0.6851851902902126,0.6703703703703704,18.1,2.4419918060302734,0.005897664465010166,-0.08967404067516327,0.005734186619520187
230,55200,0.622222226858139,0.5925925970077515,0.6222222222222222,16.8,2.425469398498535,0.00615324079990387,-0.045763395726680756,0.005337451118975878
235,56400,0.6888888940215111,0.6666666716337204,0.6888888888888889,18.6,2.402120351791382,0.0026232388336211443,-0.03800123557448387,0.009513812139630318
240,57600,0.5703703746199608,0.5740740783512592,0.5703703703703704,15.4,2.39827036857605,0.005438251420855522,0.04408295080065727,0.005109327845275402
245,58800,0.6185185231268406,0.6111111156642437,0.6185185185185185,16.7,2.403442859649658,0.004519849084317684,-0.015173260122537613,0.006033460609614849
250,60000,0.7185185238718986,0.7407407462596893,0.7185185185185186,19.4,2.414841890335083,0.007168196141719818,0.05711323395371437,0.006883334368467331
255,61200,0.7148148201406002,0.7037037089467049,0.7148148148148148,19.3,2.4249067306518555,0.005519126076251268,0.018143074586987495,0.0078058624640107155
260,62400,0.6481481529772282,0.6481481529772282,0.6481481481481481,17.5,2.488670587539673,0.006238853093236685,0.050061844289302826,0.0029581296257674694
5,1200,0.48518518880009653,0.46296296641230583,0.4851851851851851,13.1,2.8062078952789307,0.0747392401099205,0.08555389195680618,0.011944823898375034
10,2400,0.5111111149191856,0.5000000037252903,0.5111111111111111,13.8,2.87892746925354,0.028622252866625786,0.0004480113566387445,0.008470180444419384
15,3600,0.48518518880009653,0.42592592909932137,0.4851851851851851,13.1,2.824028968811035,0.02544557675719261,0.047974489629268646,0.01043443288654089
20,4800,0.4925925962626934,0.5000000037252903,0.4925925925925926,13.3,2.867802619934082,0.02770259417593479,-0.00015539130254182965,0.008246378973126411
25,6000,0.5111111149191856,0.48148148506879807,0.5111111111111112,13.8,2.872507095336914,0.008666844107210636,0.023879464715719223,0.007797109428793192
30,7200,0.5592592634260655,0.5370370410382748,0.5592592592592592,15.1,2.844033718109131,0.013159357942640781,-0.011799542233347893,0.01148227509111166
35,8400,0.48148148506879807,0.5000000037252903,0.4814814814814815,13.0,2.867169141769409,0.01883864216506481,0.0056807198561728,0.007768138311803341
40,9600,0.5111111149191856,0.5185185223817825,0.5111111111111111,13.8,2.872852087020874,0.008237248286604881,0.00916188582777977,0.007480130530893803
45,10800,0.37777778059244155,0.37037037312984467,0.3777777777777778,10.2,2.874972105026245,0.007659717462956905,0.005767488386482,0.003615287598222494
50,12000,0.5629629671573639,0.555555559694767,0.562962962962963,15.2,2.862497329711914,0.012266748584806919,-0.0047457097098231316,0.01019398495554924
5,1200,0.48518518880009653,0.46296296641230583,0.4851851851851851,13.1,2.8062078952789307,0.0747392401099205,0.08555389195680618,0.011944823898375034
10,2400,0.5111111149191856,0.5000000037252903,0.5111111111111111,13.8,2.87892746925354,0.028622252866625786,0.0004480113566387445,0.008470180444419384
5,1200,0.49629629999399183,0.5000000037252903,0.4962962962962963,13.4,2.880584716796875,0.045307036489248276,0.010625378228724003,0.008245172910392284
10,2400,0.34814815074205396,0.3333333358168602,0.3481481481481481,9.4,2.874319076538086,0.06078404560685158,0.009865792468190193,0.006054665427654982
15,3600,0.48148148506879807,0.4444444477558136,0.4814814814814815,13.0,2.8698980808258057,0.02611299604177475,0.0031044005881994963,0.0069326129741966724
20,4800,0.5111111149191856,0.5000000037252903,0.5111111111111112,13.8,2.8713831901550293,0.028976891189813614,0.027832094579935074,0.006469158921390772
25,6000,0.555555559694767,0.5185185223817825,0.5555555555555556,15.0,2.8701648712158203,0.034357719123363495,0.02428010292351246,0.008442540653049946
30,7200,0.6074074119329452,0.5925925970077515,0.6074074074074074,16.4,2.8264904022216797,0.036648817360401154,0.028159331530332565,0.01255823764950037
35,8400,0.5592592634260655,0.5370370410382748,0.5592592592592592,15.1,2.8439929485321045,0.01850908249616623,0.030694087967276573,0.009470682591199875
40,9600,0.6407407455146312,0.6111111156642437,0.6407407407407407,17.3,2.86252498626709,0.012773948721587658,0.012911463156342506,0.011746504344046116
45,10800,0.48148148506879807,0.5185185223817825,0.4814814814814815,13.0,2.8451662063598633,0.007651751395314932,0.008929005824029446,0.008075800724327564
50,12000,0.48888889253139495,0.5000000037252903,0.4888888888888888,13.2,2.8826992511749268,0.009785231202840805,-0.003625726792961359,0.008008438162505627
55,13200,0.49629629999399183,0.48148148506879807,0.4962962962962963,13.4,2.87298846244812,0.0090678995475173,0.01287800446152687,0.008714924566447735
60,14400,0.48518518880009653,0.5000000037252903,0.4851851851851851,13.1,2.882345676422119,0.007179157342761755,-0.013803625479340553,0.00718600582331419
65,15600,0.5148148186504841,0.4444444477558136,0.5148148148148148,13.9,2.842357635498047,0.013502753339707851,-0.0010026614181697369,0.010725770145654678
70,16800,0.5259259298443795,0.5370370410382748,0.5259259259259259,14.2,2.800832509994507,0.01124817505478859,-0.07627754658460617,0.012820553965866566
75,18000,0.4703703738749027,0.46296296641230583,0.4703703703703703,12.7,2.8768136501312256,0.009490328840911388,-0.008072996512055397,0.006480087526142597
80,19200,0.5629629671573639,0.5185185223817825,0.562962962962963,15.2,2.8144049644470215,0.009431170299649239,0.01445786189287901,0.011810213327407837
85,20400,0.4925925962626934,0.4444444477558136,0.4925925925925926,13.3,2.831418991088867,0.009798791259527206,-0.009368833154439926,0.00968454871326685
90,21600,0.5592592634260655,0.5740740783512592,0.5592592592592592,15.1,2.8497323989868164,0.007455629762262106,-0.00016106764087453485,0.009983895346522331
95,22800,0.4740740776062012,0.40740741044282913,0.47407407407407404,12.8,2.8698348999023438,0.009462183341383934,0.009610076434910297,0.006503175478428602
100,24000,0.5148148186504841,0.555555559694767,0.5148148148148148,13.9,2.8704793453216553,0.007612802088260651,-0.00019445021462161094,0.006751645356416702
105,25200,0.49629629999399183,0.48148148506879807,0.4962962962962963,13.4,2.8590474128723145,0.00873681902885437,-0.008957765065133572,0.009847119450569153
110,26400,0.6185185231268406,0.555555559694767,0.6185185185185185,16.7,2.829847812652588,0.005636978428810835,-0.007820709608495235,0.010770859196782112
115,27600,0.49629629999399183,0.4444444477558136,0.4962962962962963,13.4,2.8559446334838867,0.008477987721562386,-0.010733255185186863,0.008827527053654194
5,1200,0.522222226113081,0.5000000037252903,0.5222222222222223,14.1,2.88618803024292,0.0569283552467823,0.006849877070635557,0.007768529467284679
10,2400,0.5000000037252903,0.5370370410382748,0.5,13.5,2.8669047355651855,0.03596777468919754,-0.011260954663157463,0.006329584866762161
15,3600,0.6111111156642437,0.6111111156642437,0.6111111111111112,16.5,2.8151981830596924,0.02166571281850338,0.06051664426922798,0.011659866198897362
20,4800,0.5000000037252903,0.5185185223817825,0.5,13.5,2.8552589416503906,0.03151029348373413,0.00690930662676692,0.007694081868976355
25,6000,0.45555555894970895,0.46296296641230583,0.45555555555555555,12.3,2.8465867042541504,0.03960827365517616,0.02520883083343506,0.008240291848778725
30,7200,0.4777777813374996,0.48148148506879807,0.47777777777777786,12.9,2.855225086212158,0.02654285356402397,-0.01017777156084776,0.009677862748503685
35,8400,0.45555555894970895,0.4444444477558136,0.45555555555555555,12.3,2.83837628364563,0.02216745726764202,0.023943042382597923,0.011498473584651947
40,9600,0.48888889253139495,0.5185185223817825,0.48888888888888893,13.2,2.8586368560791016,0.012794378213584423,-0.019225439056754112,0.009828861802816391
45,10800,0.5148148186504841,0.5370370410382748,0.5148148148148148,13.9,2.8814611434936523,0.01082792691886425,0.008701775223016739,0.0065549747087061405
50,12000,0.5333333373069763,0.5370370410382748,0.5333333333333333,14.4,2.8717470169067383,0.008816927671432495,-0.0046047368086874485,0.009236016310751438
55,13200,0.5666666708886623,0.6481481529772282,0.5666666666666667,15.3,2.850914478302002,0.01121444720774889,-0.0060133617371320724,0.012766401283442974
60,14400,0.4666666701436043,0.5000000037252903,0.4666666666666666,12.6,2.8827359676361084,0.005913852248340845,-0.00984628964215517,0.0041406541131436825
65,15600,0.46296296641230583,0.5000000037252903,0.46296296296296297,12.5,2.841305732727051,0.01047554425895214,-0.029683005064725876,0.00938853994011879
70,16800,0.38518518805503843,0.40740741044282913,0.3851851851851852,10.4,2.856956958770752,0.009824292734265327,-0.011834589764475822,0.006607030518352985
75,18000,0.5111111149191856,0.4444444477558136,0.5111111111111111,13.8,2.8234500885009766,0.014278000220656395,-0.008066173642873764,0.011325986124575138
80,19200,0.4777777813374996,0.48148148506879807,0.47777777777777775,12.9,2.8563668727874756,0.02016400545835495,-0.016028309240937233,0.010687013156712055
85,20400,0.5333333373069763,0.555555559694767,0.5333333333333334,14.4,2.872454881668091,0.01034498680382967,0.017352072522044182,0.00941328052431345
90,21600,0.5629629671573639,0.5740740783512592,0.5629629629629629,15.2,2.8814125061035156,0.009433875791728497,-0.0016532579902559519,0.008463898673653603
95,22800,0.5148148186504841,0.5370370410382748,0.5148148148148147,13.9,2.871185779571533,0.005925165489315987,-0.015211883932352066,0.009356758557260036
100,24000,0.38148148432374,0.37037037312984467,0.3814814814814814,10.3,2.8844971656799316,0.012403606437146664,-0.010250568389892578,0.005549028515815735
105,25200,0.5074074111878872,0.5000000037252903,0.5074074074074074,13.7,2.872030258178711,0.0058786943554878235,-0.021124839782714844,0.007724294904619455
110,26400,0.5592592634260655,0.555555559694767,0.5592592592592592,15.1,2.8405508995056152,0.008132788352668285,-0.03601469099521637,0.008732790127396584
115,27600,0.48888889253139495,0.5370370410382748,0.4888888888888888,13.2,2.8105387687683105,0.010778541676700115,0.03134008124470711,0.00720408046618104
120,28800,0.5518518559634685,0.46296296641230583,0.5518518518518519,14.9,2.8086981773376465,0.00788008514791727,-0.017059369012713432,0.008043658919632435
125,30000,0.5481481522321701,0.5740740783512592,0.5481481481481482,14.8,2.8231372833251953,0.011460504494607449,0.01815573312342167,0.007284178398549557
130,31200,0.48148148506879807,0.46296296641230583,0.4814814814814815,13.0,2.817504405975342,0.01310761272907257,0.010554011911153793,0.005226964130997658
135,32400,0.5777777820825577,0.6481481529772282,0.5777777777777777,15.6,2.8335769176483154,0.008834774605929852,-0.05691574141383171,0.009311108849942684
140,33600,0.522222226113081,0.46296296641230583,0.5222222222222221,14.1,2.7512893676757812,0.012756927870213985,-0.05020362511277199,0.008147898130118847
145,34800,0.5814814858138562,0.5740740783512592,0.5814814814814815,15.7,2.7354393005371094,0.014710087329149246,-0.006797162815928459,0.007885073311626911
150,36000,0.5629629671573639,0.555555559694767,0.5629629629629631,15.2,2.7228713035583496,0.007505379151552916,-0.07010391354560852,0.006965607404708862
155,37200,0.5296296335756778,0.5185185223817825,0.5296296296296297,14.3,2.711916923522949,0.005112024024128914,0.026487834751605988,0.006781237665563822
160,38400,0.5148148186504841,0.48148148506879807,0.5148148148148148,13.9,2.756661891937256,0.00940979178994894,0.01037287712097168,0.006225236225873232
165,39600,0.6296296343207359,0.6481481529772282,0.6296296296296295,17.0,2.7453107833862305,0.012103190645575523,0.021722832694649696,0.010368396528065205
170,40800,0.5814814858138562,0.5925925970077515,0.5814814814814815,15.7,2.782470703125,0.011305300518870354,-0.0030482232104986906,0.006557197775691748
175,42000,0.6148148193955422,0.5925925970077515,0.6148148148148148,16.6,2.7287864685058594,0.013100551441311836,0.05705289915204048,0.008347907103598118
180,43200,0.5740740783512592,0.5925925970077515,0.5740740740740741,15.5,2.7675704956054688,0.014844276942312717,-0.06694044917821884,0.008433391340076923
185,44400,0.5111111149191856,0.48148148506879807,0.511111111111111,13.8,2.7280592918395996,0.013147487305104733,-0.0067723593674600124,0.007591021712869406
190,45600,0.6592592641711235,0.6111111156642437,0.6592592592592592,17.8,2.6763312816619873,0.008378541097044945,-0.09809395670890808,0.010819993913173676
195,46800,0.5259259298443795,0.555555559694767,0.5259259259259259,14.2,2.655526876449585,0.009534850716590881,-0.02316354028880596,0.008770469576120377
200,48000,0.6259259305894375,0.6481481529772282,0.625925925925926,16.9,2.6111092567443848,0.00945601798593998,-0.11197282373905182,0.009853506460785866
205,49200,0.622222226858139,0.555555559694767,0.6222222222222222,16.8,2.5100135803222656,0.009875579737126827,-0.1515405774116516,0.006643208675086498
210,50400,0.6370370417833329,0.6296296343207359,0.6370370370370371,17.2,2.4797630310058594,0.009245481342077255,-0.07321371883153915,0.0065743871964514256
215,51600,0.6592592641711235,0.6666666716337204,0.6592592592592592,17.8,2.495664358139038,0.009686291217803955,0.007865572348237038,0.01026698388159275
220,52800,0.5185185223817825,0.5370370410382748,0.5185185185185184,14.0,2.5082688331604004,0.0195408184081316,-0.07571019977331161,0.007048313040286303
225,54000,0.6259259305894375,0.6481481529772282,0.6259259259259259,16.9,2.52645206451416,0.008166405372321606,0.029503805562853813,0.005512172356247902
5,1200,0.49629629999399183,0.5000000037252903,0.4962962962962963,13.4,2.880584716796875,0.045307036489248276,0.010625378228724003,0.008245172910392284
10,2400,0.34814815074205396,0.3333333358168602,0.3481481481481481,9.4,2.874319076538086,0.06078404560685158,0.009865792468190193,0.006054665427654982
15,3600,0.48148148506879807,0.4444444477558136,0.4814814814814815,13.0,2.8698980808258057,0.02611299604177475,0.0031044005881994963,0.0069326129741966724
20,4800,0.5111111149191856,0.5000000037252903,0.5111111111111112,13.8,2.8713831901550293,0.028976891189813614,0.027832094579935074,0.006469158921390772
25,6000,0.555555559694767,0.5185185223817825,0.5555555555555556,15.0,2.8701648712158203,0.034357719123363495,0.02428010292351246,0.008442540653049946
30,7200,0.6074074119329452,0.5925925970077515,0.6074074074074074,16.4,2.8264904022216797,0.036648817360401154,0.028159331530332565,0.01255823764950037
35,8400,0.5592592634260655,0.5370370410382748,0.5592592592592592,15.1,2.8439929485321045,0.01850908249616623,0.030694087967276573,0.009470682591199875
40,9600,0.6407407455146312,0.6111111156642437,0.6407407407407407,17.3,2.86252498626709,0.012773948721587658,0.012911463156342506,0.011746504344046116
45,10800,0.48148148506879807,0.5185185223817825,0.4814814814814815,13.0,2.8451662063598633,0.007651751395314932,0.008929005824029446,0.008075800724327564
50,12000,0.48888889253139495,0.5000000037252903,0.4888888888888888,13.2,2.8826992511749268,0.009785231202840805,-0.003625726792961359,0.008008438162505627
55,13200,0.49629629999399183,0.48148148506879807,0.4962962962962963,13.4,2.87298846244812,0.0090678995475173,0.01287800446152687,0.008714924566447735
60,14400,0.48518518880009653,0.5000000037252903,0.4851851851851851,13.1,2.882345676422119,0.007179157342761755,-0.013803625479340553,0.00718600582331419
65,15600,0.5148148186504841,0.4444444477558136,0.5148148148148148,13.9,2.842357635498047,0.013502753339707851,-0.0010026614181697369,0.010725770145654678
70,16800,0.5259259298443795,0.5370370410382748,0.5259259259259259,14.2,2.800832509994507,0.01124817505478859,-0.07627754658460617,0.012820553965866566
75,18000,0.4703703738749027,0.46296296641230583,0.4703703703703703,12.7,2.8768136501312256,0.009490328840911388,-0.008072996512055397,0.006480087526142597
80,19200,0.5629629671573639,0.5185185223817825,0.562962962962963,15.2,2.8144049644470215,0.009431170299649239,0.01445786189287901,0.011810213327407837
85,20400,0.4925925962626934,0.4444444477558136,0.4925925925925926,13.3,2.831418991088867,0.009798791259527206,-0.009368833154439926,0.00968454871326685
90,21600,0.5592592634260655,0.5740740783512592,0.5592592592592592,15.1,2.8497323989868164,0.007455629762262106,-0.00016106764087453485,0.009983895346522331
95,22800,0.4740740776062012,0.40740741044282913,0.47407407407407404,12.8,2.8698348999023438,0.009462183341383934,0.009610076434910297,0.006503175478428602
100,24000,0.5148148186504841,0.555555559694767,0.5148148148148148,13.9,2.8704793453216553,0.007612802088260651,-0.00019445021462161094,0.006751645356416702
105,25200,0.49629629999399183,0.48148148506879807,0.4962962962962963,13.4,2.8590474128723145,0.00873681902885437,-0.008957765065133572,0.009847119450569153
110,26400,0.6185185231268406,0.555555559694767,0.6185185185185185,16.7,2.829847812652588,0.005636978428810835,-0.007820709608495235,0.010770859196782112
115,27600,0.49629629999399183,0.4444444477558136,0.4962962962962963,13.4,2.8559446334838867,0.008477987721562386,-0.010733255185186863,0.008827527053654194
120,28800,0.5000000037252903,0.48148148506879807,0.5,13.5,2.8601090908050537,0.010503367520868778,-0.028282245621085167,0.0062358141876757145
125,30000,0.44074074402451513,0.42592592909932137,0.44074074074074077,11.9,2.854520320892334,0.011681300587952137,-0.013270954601466656,0.006143189501017332
130,31200,0.5518518559634685,0.5925925970077515,0.5518518518518518,14.9,2.8487868309020996,0.00889769196510315,-0.018096430227160454,0.008321022614836693
135,32400,0.46296296641230583,0.37037037312984467,0.46296296296296297,12.5,2.6904444694519043,0.016978580504655838,-0.013197874650359154,0.013298654928803444
140,33600,0.48148148506879807,0.4444444477558136,0.4814814814814815,13.0,2.724243640899658,0.01276242546737194,-0.07539267838001251,0.010035569779574871
145,34800,0.5740740783512592,0.5925925970077515,0.5740740740740741,15.5,2.8523693084716797,0.008075808174908161,-0.005302079487591982,0.008233433589339256
150,36000,0.49629629999399183,0.42592592909932137,0.4962962962962963,13.4,2.838263511657715,0.012611034326255322,-0.043951716274023056,0.006068494636565447
155,37200,0.6148148193955422,0.6111111156642437,0.6148148148148148,16.6,2.815153121948242,0.00971542950719595,-0.047838110476732254,0.008995494805276394
160,38400,0.555555559694767,0.5185185223817825,0.5555555555555556,15.0,2.8252248764038086,0.006296231411397457,-0.0234623234719038,0.005376875400543213
165,39600,0.588888893276453,0.5740740783512592,0.588888888888889,15.9,2.7839815616607666,0.005787970963865519,-0.06793496012687683,0.007794467732310295
170,40800,0.6259259305894375,0.6481481529772282,0.625925925925926,16.9,2.7171521186828613,0.005466358736157417,0.040349069982767105,0.007814992219209671
175,42000,0.5925925970077515,0.5925925970077515,0.5925925925925926,16.0,2.6143298149108887,0.010592048987746239,-0.08919993788003922,0.011609001085162163
180,43200,0.5777777820825577,0.555555559694767,0.5777777777777777,15.6,2.6351733207702637,0.007719086017459631,-0.06451467424631119,0.004968882072716951
185,44400,0.6037037082016468,0.5925925970077515,0.6037037037037036,16.3,2.5442585945129395,0.013080773875117302,-0.04238748550415039,0.008968448266386986
190,45600,0.6518518567085266,0.6296296343207359,0.6518518518518518,17.6,2.5558252334594727,0.004657869692891836,-0.05701581761240959,0.006299069616943598
195,46800,0.5370370410382748,0.555555559694767,0.537037037037037,14.5,2.534350872039795,0.009588653221726418,-0.061665914952754974,0.00825774110853672
200,48000,0.5481481522321701,0.5925925970077515,0.548148148148148,14.8,2.5200934410095215,0.010119571350514889,-0.02455669268965721,0.008294318802654743
205,49200,0.6148148193955422,0.6111111156642437,0.6148148148148148,16.6,2.516404628753662,0.005977158434689045,-0.0004586378636304289,0.007170089054852724
210,50400,0.5333333373069763,0.5185185223817825,0.5333333333333332,14.4,2.519777536392212,0.01104354951530695,-0.09286746382713318,0.005164637230336666
215,51600,0.5814814858138562,0.6111111156642437,0.5814814814814814,15.7,2.449131965637207,0.0066038984805345535,-0.08105219900608063,0.006567008327692747
220,52800,0.7407407462596893,0.7592592649161816,0.7407407407407407,20.0,2.3946290016174316,0.003810521448031068,-0.059302009642124176,0.007024961989372969
225,54000,0.6074074119329452,0.6481481529772282,0.6074074074074074,16.4,2.4659295082092285,0.006051677744835615,0.04465451091527939,0.007562731858342886
230,55200,0.6407407455146312,0.6111111156642437,0.6407407407407408,17.3,2.4573416709899902,0.010561090894043446,0.08900105953216553,0.007229446433484554
235,56400,0.6592592641711235,0.7037037089467049,0.6592592592592593,17.8,2.486720085144043,0.007524253334850073,0.033920783549547195,0.00729487556964159
240,57600,0.6407407455146312,0.7037037089467049,0.6407407407407406,17.3,2.5195770263671875,0.007709158584475517,-0.06259189546108246,0.00706213666126132
245,58800,0.622222226858139,0.6111111156642437,0.6222222222222222,16.8,2.5064544677734375,0.00855165719985962,0.03690144047141075,0.004523149225860834
250,60000,0.6703703753650189,0.7037037089467049,0.6703703703703704,18.1,2.453382968902588,0.005754532292485237,-0.018343020230531693,0.006981228478252888
255,61200,0.6148148193955422,0.6666666716337204,0.6148148148148149,16.6,2.4629178047180176,0.006938519421964884,0.04313599318265915,0.006598685402423143
260,62400,0.6592592641711235,0.6481481529772282,0.6592592592592592,17.8,2.4149351119995117,0.005273118615150452,-0.07417815178632736,0.006911993492394686
265,63600,0.6296296343207359,0.6111111156642437,0.6296296296296298,17.0,2.464869976043701,0.00841094646602869,-0.07180678099393845,0.0052106729708611965
270,64800,0.6592592641711235,0.6851851902902126,0.6592592592592592,17.8,2.464366912841797,0.006813531741499901,-0.029878918081521988,0.005455489736050367
275,66000,0.6851851902902126,0.6666666716337204,0.6851851851851851,18.5,2.4134607315063477,0.006707435939460993,0.02338593825697899,0.0068948157131671906
280,67200,0.588888893276453,0.6111111156642437,0.5888888888888889,15.9,2.4280388355255127,0.008506881073117256,-0.08704229444265366,0.005705825984477997
285,68400,0.6555555604398251,0.6666666716337204,0.6555555555555556,17.7,2.4678092002868652,0.004992112051695585,-0.08016528934240341,0.007298840209841728
290,69600,0.6962963014841079,0.6851851902902126,0.6962962962962963,18.8,2.4409170150756836,0.006345545407384634,-0.18343932926654816,0.006987025961279869
295,70800,0.588888893276453,0.6296296343207359,0.5888888888888889,15.9,2.3875656127929688,0.006677872966974974,-0.013629992492496967,0.008049758151173592
300,72000,0.5814814858138562,0.6111111156642437,0.5814814814814816,15.7,2.3296995162963867,0.008314580656588078,-0.10760565102100372,0.006273335311561823
305,73200,0.6592592641711235,0.6481481529772282,0.6592592592592592,17.8,2.376906156539917,0.005441238172352314,0.03609567880630493,0.005070805083960295
310,74400,0.6259259305894375,0.6481481529772282,0.625925925925926,16.9,2.381369113922119,0.00960609968751669,0.054879315197467804,0.004728200379759073
315,75600,0.622222226858139,0.6851851902902126,0.6222222222222221,16.8,2.358126163482666,0.00927254930138588,-0.06977968662977219,0.004742609336972237
320,76800,0.6074074119329452,0.6111111156642437,0.6074074074074074,16.4,2.399339199066162,0.009459727443754673,-0.11007701605558395,0.003674783743917942
325,78000,0.7074074126780033,0.6851851902902126,0.7074074074074074,19.1,2.3431589603424072,0.00607105391100049,-0.029513271525502205,0.007230629213154316
330,79200,0.6555555604398251,0.6296296343207359,0.6555555555555556,17.7,2.3606350421905518,0.005214514210820198,-0.012352701276540756,0.004764423705637455
335,80400,0.6888888940215111,0.7592592649161816,0.6888888888888889,18.6,2.361490488052368,0.008024255745112896,0.008803478442132473,0.008071924559772015
340,81600,0.6333333380520344,0.5925925970077515,0.6333333333333333,17.1,2.3371081352233887,0.006127514410763979,-0.02689499780535698,0.006067668087780476
345,82800,0.6407407455146312,0.6296296343207359,0.6407407407407407,17.3,2.2813446521759033,0.008293368853628635,-0.1504671424627304,0.010035897605121136
350,84000,0.6444444492459297,0.6111111156642437,0.6444444444444445,17.4,2.2524619102478027,0.00796973891556263,-0.06095137447118759,0.008461742661893368
355,85200,0.6592592641711235,0.5925925970077515,0.6592592592592593,17.8,2.2287774085998535,0.009048724547028542,-0.17742957174777985,0.010478910058736801
360,86400,0.6703703753650189,0.6666666716337204,0.6703703703703704,18.1,2.3186655044555664,0.009697950445115566,-0.08130577951669693,0.008677089586853981
365,87600,0.6333333380520344,0.6296296343207359,0.6333333333333334,17.1,2.3282225131988525,0.007521001156419516,0.08281959593296051,0.004815549589693546
370,88800,0.6370370417833329,0.6296296343207359,0.6370370370370371,17.2,2.3047752380371094,0.0058379280380904675,0.029419373720884323,0.0060683488845825195
375,90000,0.5703703746199608,0.555555559694767,0.5703703703703703,15.4,2.2475905418395996,0.011144422926008701,-0.10119716078042984,0.008036279119551182
380,91200,0.6555555604398251,0.6111111156642437,0.6555555555555556,17.7,2.2467000484466553,0.007184152025729418,-0.026643387973308563,0.006099994294345379
385,92400,0.7740740798413753,0.796296302229166,0.774074074074074,20.9,2.3147573471069336,0.006747704464942217,-0.039705585688352585,0.007408543024212122
390,93600,0.76296296864748,0.7407407462596893,0.762962962962963,20.6,2.3558950424194336,0.005353344138711691,-0.10377176105976105,0.00665438175201416
395,94800,0.6555555604398251,0.6481481529772282,0.6555555555555556,17.7,2.317164659500122,0.0057349251583218575,0.05366400256752968,0.007400473114103079
400,96000,0.7259259313344956,0.6666666716337204,0.725925925925926,19.6,2.318819522857666,0.004631682299077511,-0.03544993698596954,0.007450985722243786
405,97200,0.7481481537222863,0.7037037089467049,0.7481481481481482,20.2,2.344374179840088,0.003666863078251481,-0.08885572850704193,0.008047695271670818
410,98400,0.6296296343207359,0.6666666716337204,0.6296296296296297,17.0,2.3199362754821777,0.007750346325337887,-0.05027702823281288,0.0048072380013763905
415,99600,0.5814814858138562,0.5185185223817825,0.5814814814814815,15.7,2.269606828689575,0.010759820230305195,-0.011615658178925514,0.003482735948637128
420,100800,0.7592592649161816,0.7407407462596893,0.7592592592592593,20.5,2.095489263534546,0.009289453737437725,-0.04854106903076172,0.011266344226896763
425,102000,0.7370370425283909,0.6851851902902126,0.737037037037037,19.9,2.1312408447265625,0.008921835571527481,-0.14699140191078186,0.010845344513654709
430,103200,0.6740740790963173,0.6666666716337204,0.674074074074074,18.2,2.214496374130249,0.005562226288020611,0.07568959891796112,0.0056691537611186504
435,104400,0.7185185238718986,0.7037037089467049,0.7185185185185186,19.4,2.2041659355163574,0.007905732840299606,-0.07538561522960663,0.012188130989670753
440,105600,0.7703703761100769,0.796296302229166,0.7703703703703704,20.8,2.156287670135498,0.005639970768243074,0.027001118287444115,0.007044609636068344
445,106800,0.7814814873039723,0.7407407462596893,0.7814814814814814,21.1,2.1627049446105957,0.00565373245626688,0.06494811922311783,0.006981606595218182
450,108000,0.6333333380520344,0.6296296343207359,0.6333333333333333,17.1,2.242550849914551,0.009979670867323875,-0.07662889361381531,0.004331273026764393
455,109200,0.7074074126780033,0.7037037089467049,0.7074074074074074,19.1,2.12424373626709,0.008327368646860123,-0.0829930528998375,0.0065101259388029575
460,110400,0.8000000059604645,0.7407407462596893,0.8,21.6,2.009856700897217,0.006992559414356947,-0.11525772511959076,0.012482179328799248
465,111600,0.803703709691763,0.7222222276031971,0.8037037037037036,21.7,2.108031988143921,0.005439928267151117,-0.17063365876674652,0.014493398368358612
470,112800,0.7555555611848831,0.7777777835726738,0.7555555555555555,20.4,2.045119285583496,0.00743068428710103,-0.045689575374126434,0.013862085528671741
475,114000,0.7444444499909878,0.7407407462596893,0.7444444444444445,20.1,2.0724539756774902,0.0038598482497036457,-0.10125695914030075,0.011120942421257496
480,115200,0.76296296864748,0.7407407462596893,0.762962962962963,20.6,2.00495982170105,0.0071911560371518135,-0.06768346577882767,0.008858518674969673
485,116400,0.8555555619299412,0.9259259328246117,0.8555555555555555,23.1,1.9114675521850586,0.006951427087187767,-0.24911625683307648,0.017087223008275032
490,117600,0.8333333395421505,0.8888888955116272,0.8333333333333334,22.5,1.9027760028839111,0.008883433416485786,-0.09864620864391327,0.013718628324568272
495,118800,0.862962969392538,0.9259259328246117,0.8629629629629629,23.3,1.9389163255691528,0.005164694506675005,-0.26759955286979675,0.01342768594622612
500,120000,0.829629635810852,0.8148148208856583,0.8296296296296296,22.4,1.8774158954620361,0.007664917968213558,-0.10113092511892319,0.010294521227478981
505,121200,0.8851851917803287,0.9629629701375961,0.8851851851851851,23.9,1.8531262874603271,0.005824794992804527,0.12046663463115692,0.011770887300372124
510,122400,0.7925925984978676,0.7592592649161816,0.7925925925925926,21.4,1.8542261123657227,0.008049319498240948,-0.053904421627521515,0.009121500886976719
515,123600,0.8851851917803287,1.0000000074505806,0.8851851851851851,23.9,1.733634352684021,0.009187478572130203,-0.09759189188480377,0.01447201892733574
520,124800,0.8925925992429257,1.0000000074505806,0.8925925925925926,24.1,1.615688681602478,0.007166299037635326,-0.1973353773355484,0.021445225924253464
525,126000,0.8925925992429257,0.9444444514811039,0.8925925925925926,24.1,1.768911600112915,0.00410494627431035,-0.15846173465251923,0.012717030011117458
530,127200,0.7851851910352707,0.7592592649161816,0.7851851851851852,21.2,1.5932197570800781,0.008948935195803642,-0.18194112181663513,0.02032659202814102
535,128400,0.9259259328246117,1.0000000074505806,0.9259259259259259,25.0,1.515804409980774,0.008302559144794941,-0.20964257419109344,0.02533137798309326
540,129600,0.937037044018507,1.0000000074505806,0.937037037037037,25.3,1.4701416492462158,0.014582916162908077,-0.08814696222543716,0.026201585307717323
545,130800,0.903703710436821,1.0000000074505806,0.9037037037037038,24.4,1.6693568229675293,0.013533550314605236,0.08079834282398224,0.018039200454950333
550,132000,0.8888888955116272,1.0000000074505806,0.8888888888888887,24.0,1.6537220478057861,0.017470883205533028,0.15422455966472626,0.021357901394367218
555,133200,0.9444444514811039,1.0000000074505806,0.9444444444444444,25.5,1.5098962783813477,0.013792137615382671,0.15237323939800262,0.027366161346435547
560,134400,0.9592592664062977,1.0000000074505806,0.9592592592592591,25.9,1.4719078540802002,0.012141137383878231,0.014151239767670631,0.03132772445678711
565,135600,0.9407407477498054,1.0000000074505806,0.9407407407407407,25.4,1.5670216083526611,0.0076645752415061,-0.033134277909994125,0.026820173487067223
570,136800,0.9629629701375961,1.0000000074505806,0.962962962962963,26.0,1.471182942390442,0.007807998917996883,-0.24712468683719635,0.025881020352244377
575,138000,0.9666666738688946,1.0000000074505806,0.9666666666666666,26.1,1.4714841842651367,0.007921157404780388,-0.2626004219055176,0.02519329823553562
580,139200,0.9888888962566853,1.0000000074505806,0.9888888888888889,26.7,1.3874003887176514,0.006143427919596434,-0.21747584640979767,0.027622664347290993
585,140400,0.8148148208856583,0.9629629701375961,0.8148148148148149,22.0,1.5740269422531128,0.022027282044291496,-0.17188329994678497,0.019844118505716324
590,141600,0.862962969392538,0.9259259328246117,0.8629629629629629,23.3,1.658085584640503,0.013207626529037952,-0.12366340309381485,0.018322141841053963
595,142800,0.9000000067055225,1.0000000074505806,0.9,24.3,1.6796238422393799,0.010150839574635029,-0.12011779844760895,0.018318474292755127
600,144000,0.9444444514811039,1.0000000074505806,0.9444444444444444,25.5,1.643178105354309,0.00898008607327938,0.049142710864543915,0.018905311822891235
605,145200,0.9074074141681194,1.0000000074505806,0.9074074074074074,24.5,1.7164709568023682,0.010911349207162857,0.028530191630125046,0.016590898856520653
610,146400,1.0000000074505806,1.0000000074505806,1.0,27.0,1.5319913625717163,0.007155056577175856,0.2620699107646942,0.026461362838745117
615,147600,1.0000000074505806,1.0000000074505806,1.0,27.0,1.595201015472412,0.0063934242352843285,0.20946113765239716,0.024181272834539413
620,148800,0.9925925999879837,1.0000000074505806,0.9925925925925926,26.8,1.3828470706939697,0.00735285971313715,0.18539494276046753,0.033487655222415924
625,150000,1.0000000074505806,1.0000000074505806,1.0,27.0,1.1695735454559326,0.004391730763018131,0.03552371636033058,0.03462482988834381
630,151200,0.9814814887940884,1.0000000074505806,0.9814814814814815,26.5,1.2532567977905273,0.006255552638322115,-0.118406742811203,0.03147348016500473
635,152400,0.9851851925253868,1.0000000074505806,0.9851851851851852,26.6,1.2713454961776733,0.0034053379204124212,0.03555149957537651,0.03124862164258957
640,153600,0.903703710436821,1.0000000074505806,0.9037037037037038,24.4,1.4392051696777344,0.011847532354295254,0.01471261028200388,0.022639907896518707
645,154800,0.9259259328246117,1.0000000074505806,0.9259259259259259,25.0,1.4946889877319336,0.006971356924623251,-0.08149728924036026,0.020921917632222176
650,156000,0.9592592664062977,1.0000000074505806,0.9592592592592591,25.9,1.5074377059936523,0.006004887633025646,-0.2771753966808319,0.021622058004140854
655,157200,0.9814814887940884,1.0000000074505806,0.9814814814814815,26.5,1.5885876417160034,0.003879329888150096,-0.14769960939884186,0.01930481195449829
660,158400,0.9703703776001931,1.0000000074505806,0.9703703703703704,26.2,1.5560935735702515,0.006890831049531698,-0.09966728091239929,0.02381346933543682
665,159600,0.9814814887940884,1.0000000074505806,0.9814814814814815,26.5,1.5490621328353882,0.006233434658497572,0.0554271936416626,0.01748361811041832
670,160800,0.9703703776001931,1.0000000074505806,0.9703703703703702,26.2,1.5374796390533447,0.007100782357156277,0.13323715329170227,0.014033562503755093
675,162000,0.9592592664062977,1.0000000074505806,0.9592592592592591,25.9,1.643940806388855,0.010642367415130138,0.19921042025089264,0.009957634843885899
680,163200,0.9481481552124024,1.0000000074505806,0.9481481481481481,25.6,1.7423396110534668,0.007116309832781553,0.10042225569486618,0.01215770747512579
685,164400,1.0000000074505806,1.0000000074505806,1.0,27.0,1.5026516914367676,0.006345306523144245,0.28049230575561523,0.02211974747478962
690,165600,0.9444444514811039,1.0000000074505806,0.9444444444444444,25.5,1.546513557434082,0.009067165665328503,0.04817431792616844,0.018403004854917526
695,166800,0.8666666731238365,1.0000000074505806,0.8666666666666668,23.4,1.5852655172348022,0.03154400363564491,-0.024654515087604523,0.012649869546294212
700,168000,0.8740740805864334,0.9629629701375961,0.874074074074074,23.6,1.5842655897140503,0.022174734622240067,-0.1337996870279312,0.010821941308677197
705,169200,0.9074074141681194,0.9259259328246117,0.9074074074074074,24.5,1.6374192237854004,0.005199165549129248,-0.0970364585518837,0.010249835439026356
710,170400,0.9592592664062977,1.0000000074505806,0.9592592592592591,25.9,1.5970149040222168,0.004627671558409929,-0.1714722216129303,0.014605595730245113
715,171600,0.9444444514811039,0.9629629701375961,0.9444444444444444,25.5,1.6586346626281738,0.0038044212851673365,-0.15292437374591827,0.010282902047038078
720,172800,0.9851851925253868,1.0000000074505806,0.9851851851851852,26.6,1.4320573806762695,0.004827315919101238,-0.18093010783195496,0.019675645977258682
725,174000,0.9666666738688946,1.0000000074505806,0.9666666666666666,26.1,1.3956162929534912,0.005587325431406498,-0.1300179362297058,0.02013138309121132
730,175200,0.8518518581986427,1.0000000074505806,0.8518518518518519,23.0,1.5462638139724731,0.010538925416767597,-0.143750861287117,0.008113998919725418
735,176400,0.7925925984978676,1.0000000074505806,0.7925925925925925,21.4,1.599604606628418,0.012798799201846123,-0.12688755989074707,0.006849063094705343
740,177600,0.9148148216307164,1.0000000074505806,0.9148148148148149,24.7,1.5273284912109375,0.005144965834915638,-0.1408229023218155,0.012616974301636219
745,178800,0.8962963029742241,1.0000000074505806,0.8962962962962961,24.2,1.5633729696273804,0.015342121943831444,-0.15436401963233948,0.013882696628570557
750,180000,1.0000000074505806,1.0000000074505806,1.0,27.0,1.499276876449585,0.0032519749365746975,-0.03240310400724411,0.025404641404747963
755,181200,1.0000000074505806,1.0000000074505806,1.0,27.0,1.4343018531799316,0.00443317461758852,0.10608584433794022,0.02564738318324089
760,182400,0.9000000067055225,1.0000000074505806,0.9,24.3,1.6229709386825562,0.006544357631355524,-0.019797813147306442,0.00936849694699049
765,183600,1.0000000074505806,1.0000000074505806,1.0,27.0,1.4946012496948242,0.003094221232458949,0.12337305396795273,0.02756134606897831
770,184800,1.0000000074505806,1.0000000074505806,1.0,27.0,1.339263677597046,0.0034573827870190144,0.25102636218070984,0.027399107813835144
775,186000,1.0000000074505806,1.0000000074505806,1.0,27.0,1.2920112609863281,0.0031408302020281553,0.264560341835022,0.02531813643872738
780,187200,1.0000000074505806,1.0000000074505806,1.0,27.0,1.450356364250183,0.00301694986410439,0.19499437510967255,0.015879446640610695
785,188400,1.0000000074505806,1.0000000074505806,1.0,27.0,1.4307520389556885,0.003417047904804349,0.21188856661319733,0.015478798188269138
790,189600,0.9888888962566853,1.0000000074505806,0.9888888888888889,26.7,1.3919711112976074,0.0031459813471883535,0.1650613248348236,0.018315449357032776
795,190800,1.0000000074505806,1.0000000074505806,1.0,27.0,1.3753453493118286,0.003939869813621044,0.01969560794532299,0.012773466296494007
800,192000,0.9851851925253868,1.0000000074505806,0.9851851851851852,26.6,1.4034096002578735,0.006838981527835131,-0.016869598999619484,0.003713069949299097
805,193200,0.9555555626749992,1.0000000074505806,0.9555555555555555,25.8,1.4955005645751953,0.0067046405747532845,-0.05374107509851456,0.004910855088382959
810,194400,0.8000000059604645,1.0000000074505806,0.8,21.6,1.6048367023468018,0.03312086686491966,-0.11822144687175751,0.009814674966037273
815,195600,1.0000000074505806,1.0000000074505806,1.0,27.0,1.4614975452423096,0.00389239564538002,-0.14008916914463043,0.01510000042617321
820,196800,1.0000000074505806,1.0000000074505806,1.0,27.0,1.4366848468780518,0.004751378204673529,-0.09621033817529678,0.017342232167720795
825,198000,1.0000000074505806,1.0000000074505806,1.0,27.0,1.485612154006958,0.004372632596641779,-0.034103818237781525,0.013457502238452435
830,199200,0.9333333402872086,1.0000000074505806,0.9333333333333333,25.2,1.591957688331604,0.005032561253756285,-0.13874313235282898,0.010182916186749935
835,200400,1.0000000074505806,1.0000000074505806,1.0,27.0,1.5814599990844727,0.003963334020227194,0.12117430567741394,0.019654935225844383
840,201600,1.0000000074505806,1.0000000074505806,1.0,27.0,1.4560710191726685,0.0040110377594828606,0.12441602349281311,0.021373474970459938
845,202800,1.0000000074505806,1.0000000074505806,1.0,27.0,1.4127610921859741,0.00361156789585948,0.18480809032917023,0.020105725154280663
850,204000,0.9592592664062977,1.0000000074505806,0.9592592592592594,25.9,1.6099034547805786,0.004845842719078064,-0.025403689593076706,0.010467147454619408
855,205200,0.9888888962566853,1.0000000074505806,0.9888888888888889,26.7,1.597322702407837,0.003907797858119011,0.19550387561321259,0.021088656038045883
860,206400,1.0000000074505806,1.0000000074505806,1.0,27.0,1.486230731010437,0.0023504241835325956,-0.015481392852962017,0.02586742676794529
865,207600,0.9925925999879837,1.0000000074505806,0.9925925925925926,26.8,1.4731234312057495,0.0020575644448399544,-0.08414707332849503,0.018814479932188988
870,208800,0.9888888962566853,1.0000000074505806,0.9888888888888889,26.7,1.4452018737792969,0.00399510283023119,-0.08142398297786713,0.01237313449382782
875,210000,0.9555555626749992,1.0000000074505806,0.9555555555555555,25.8,1.4125335216522217,0.010152975097298622,0.034812722355127335,0.01613304205238819
880,211200,0.9259259328246117,1.0000000074505806,0.9259259259259258,25.0,1.5182281732559204,0.009196024388074875,-0.14954106509685516,0.013303571380674839
885,212400,1.0000000074505806,1.0000000074505806,1.0,27.0,1.4049452543258667,0.003518862882629037,-0.060676638036966324,0.026987304911017418
890,213600,0.9629629701375961,1.0000000074505806,0.962962962962963,26.0,1.4320054054260254,0.004523035604506731,-0.02545928955078125,0.022023431956768036
895,214800,0.9592592664062977,1.0000000074505806,0.9592592592592591,25.9,1.6762669086456299,0.003908856771886349,-0.12655498087406158,0.010151096619665623
900,216000,1.0000000074505806,1.0000000074505806,1.0,27.0,1.6185623407363892,0.002955105621367693,0.03662458434700966,0.026679761707782745
905,217200,0.9851851925253868,1.0000000074505806,0.9851851851851852,26.6,1.534428358078003,0.004068141803145409,-0.12925872206687927,0.0213561300188303
910,218400,0.9444444514811039,1.0000000074505806,0.9444444444444444,25.5,1.3747406005859375,0.005442497320473194,-0.04860040172934532,0.022160658612847328
915,219600,1.0000000074505806,1.0000000074505806,1.0,27.0,1.3689980506896973,0.0028296622913330793,0.03263075649738312,0.02167009748518467
920,220800,1.0000000074505806,1.0000000074505806,1.0,27.0,1.5610814094543457,0.0028316257521510124,0.05682485178112984,0.014361965470016003
925,222000,0.9740740813314914,1.0000000074505806,0.9740740740740741,26.3,1.5839005708694458,0.005063495133072138,-0.06917945295572281,0.015233091078698635
930,223200,0.9666666738688946,1.0000000074505806,0.9666666666666668,26.1,1.5300225019454956,0.0037374624516814947,-0.05594741553068161,0.01423358079046011
935,224400,0.9259259328246117,1.0000000074505806,0.9259259259259259,25.0,1.4749892950057983,0.007381395436823368,-0.008613761514425278,0.012885653413832188
940,225600,0.9925925999879837,1.0000000074505806,0.9925925925925926,26.8,1.411200761795044,0.002837439766153693,0.0914531871676445,0.009397243149578571
945,226800,0.9407407477498054,1.0000000074505806,0.9407407407407409,25.4,1.4264297485351562,0.005951571278274059,0.07348787039518356,0.006052582524716854
950,228000,0.9518518589437008,1.0000000074505806,0.9518518518518517,25.7,1.3585923910140991,0.004845934920012951,-0.14630883932113647,0.00591497216373682
955,229200,0.9925925999879837,1.0000000074505806,0.9925925925925926,26.8,1.5486501455307007,0.0027903816662728786,-0.21465934813022614,0.008232712745666504
960,230400,1.0000000074505806,1.0000000074505806,1.0,27.0,1.4804445505142212,0.002380747115239501,-0.26244527101516724,0.016503166407346725
965,231600,1.0000000074505806,1.0000000074505806,1.0,27.0,1.4510847330093384,0.00276487460359931,-0.00656547537073493,0.016802389174699783
970,232800,0.9592592664062977,1.0000000074505806,0.9592592592592591,25.9,1.4276056289672852,0.005062074866145849,0.0158634502440691,0.016966665163636208
975,234000,0.9851851925253868,1.0000000074505806,0.9851851851851852,26.6,1.470807671546936,0.003936863970011473,0.12678439915180206,0.014012250117957592
980,235200,1.0000000074505806,1.0000000074505806,1.0,27.0,1.469187617301941,0.003245190717279911,0.12340736389160156,0.012263552285730839
985,236400,0.9703703776001931,1.0000000074505806,0.9703703703703704,26.2,1.4518637657165527,0.003741187509149313,0.12229250371456146,0.011607512831687927
990,237600,0.9740740813314914,1.0000000074505806,0.9740740740740741,26.3,1.5269317626953125,0.003454675665125251,-0.008470014669001102,0.01111355610191822
995,238800,1.0000000074505806,1.0000000074505806,1.0,27.0,1.5861936807632446,0.003682050621137023,-0.05495183542370796,0.01210617646574974
1000,240000,0.9666666738688946,1.0000000074505806,0.9666666666666666,26.1,1.4427027702331543,0.0028178202919662,-0.13118013739585876,0.014139991253614426
1005,241200,1.0000000074505806,1.0000000074505806,1.0,27.0,1.5068317651748657,0.0030764301773160696,-0.25197821855545044,0.012498953379690647
1010,242400,0.9296296365559101,1.0000000074505806,0.9296296296296296,25.1,1.6233400106430054,0.003594671143218875,-0.08707426488399506,0.01167239248752594
1015,243600,1.0000000074505806,1.0000000074505806,1.0,27.0,1.575190544128418,0.00261100335046649,-0.0968397930264473,0.01573067717254162
1020,244800,0.9592592664062977,1.0000000074505806,0.9592592592592591,25.9,1.5632812976837158,0.004925968125462532,-0.06581807136535645,0.01502092182636261
1025,246000,0.9481481552124024,1.0000000074505806,0.9481481481481481,25.6,1.4167276620864868,0.010907119140028954,-0.1083967536687851,0.01876896806061268
1030,247200,1.0000000074505806,1.0000000074505806,1.0,27.0,1.425459384918213,0.0022015252616256475,-0.15456482768058777,0.019259197637438774
1035,248400,0.9444444514811039,1.0000000074505806,0.9444444444444444,25.5,1.4799610376358032,0.007290401495993137,-0.128193661570549,0.009520827792584896
1040,249600,0.9074074141681194,1.0000000074505806,0.9074074074074074,24.5,1.3704662322998047,0.015407990664243698,-0.11750480532646179,0.01332623977214098
1045,250800,0.9074074141681194,1.0000000074505806,0.9074074074074074,24.5,1.651134967803955,0.008410084061324596,-0.22796465456485748,0.009552602656185627
1050,252000,0.870370376855135,1.0000000074505806,0.8703703703703705,23.5,1.5158957242965698,0.021935857832431793,-0.23235324025154114,0.01582498848438263
1055,253200,1.0000000074505806,1.0000000074505806,1.0,27.0,1.3301775455474854,0.002524404786527157,-0.09276853501796722,0.022625058889389038
1060,254400,1.0000000074505806,1.0000000074505806,1.0,27.0,1.4191806316375732,0.0025408302899450064,-0.09535158425569534,0.012855086475610733
1065,255600,1.0000000074505806,1.0000000074505806,1.0,27.0,1.5856046676635742,0.002672794973477721,0.19697576761245728,0.005262001417577267
1070,256800,0.9925925999879837,1.0000000074505806,0.9925925925925926,26.8,1.6645541191101074,0.0029853666201233864,0.04489617049694061,0.011595304124057293
1075,258000,1.0000000074505806,1.0000000074505806,1.0,27.0,1.614804983139038,0.0031574806198477745,0.15739168226718903,0.016787616536021233
1080,259200,1.0000000074505806,1.0000000074505806,1.0,27.0,1.4506326913833618,0.0018392845522612333,0.0710686668753624,0.019808046519756317
1085,260400,0.9925925999879837,1.0000000074505806,0.9925925925925926,26.8,1.4472073316574097,0.002437241841107607,0.13264591991901398,0.011711946688592434
1090,261600,1.0000000074505806,1.0000000074505806,1.0,27.0,1.4616039991378784,0.0024784409906715155,-0.027688659727573395,0.008996974676847458
1095,262800,1.0000000074505806,1.0000000074505806,1.0,27.0,1.531081199645996,0.002198415109887719,-0.08429036289453506,0.01250971294939518
1100,264000,0.9814814887940884,1.0000000074505806,0.9814814814814815,26.5,1.5804533958435059,0.0032319307792931795,0.07816623896360397,0.015066773630678654
1105,265200,1.0000000074505806,1.0000000074505806,1.0,27.0,1.3630071878433228,0.0012694920878857374,0.15388081967830658,0.017351899296045303
1110,266400,1.0000000074505806,1.0000000074505806,1.0,27.0,1.3963054418563843,0.0023934391792863607,0.0752999484539032,0.013405595906078815
1115,267600,1.0000000074505806,1.0000000074505806,1.0,27.0,1.4342458248138428,0.0024456416722387075,0.023572515696287155,0.012946712784469128
1120,268800,1.0000000074505806,1.0000000074505806,1.0,27.0,1.3335835933685303,0.002245277166366577,-0.013460350222885609,0.015181994996964931
1125,270000,1.0000000074505806,1.0000000074505806,1.0,27.0,1.3662643432617188,0.0023379414342343807,-0.09764425456523895,0.020585179328918457
1130,271200,1.0000000074505806,1.0000000074505806,1.0,27.0,1.267250418663025,0.0014632793609052896,-0.05572660267353058,0.0171662587672472
1135,272400,0.9888888962566853,1.0000000074505806,0.9888888888888889,26.7,1.3317666053771973,0.003403760027140379,-0.049170684069395065,0.01072058267891407
1140,273600,1.0000000074505806,1.0000000074505806,1.0,27.0,1.4059531688690186,0.0022464932408183813,-0.15477660298347473,0.007140947971493006
1145,274800,0.9814814887940884,1.0000000074505806,0.9814814814814815,26.5,1.3496588468551636,0.00253120600245893,-0.11134136468172073,0.010154138319194317
1150,276000,1.0000000074505806,1.0000000074505806,1.0,27.0,1.2550115585327148,0.0021214496809989214,-0.1593039184808731,0.01305223349481821
1155,277200,0.9703703776001931,1.0000000074505806,0.9703703703703704,26.2,1.263162612915039,0.0038434744346886873,0.020420845597982407,0.008707531727850437
1160,278400,1.0000000074505806,1.0000000074505806,1.0,27.0,1.2741793394088745,0.003806128166615963,-0.019706130027770996,0.004297764040529728
1165,279600,0.9148148216307164,1.0000000074505806,0.9148148148148147,24.7,1.291191577911377,0.012951246462762356,-0.1545257866382599,0.007013781927525997
1170,280800,1.0000000074505806,1.0000000074505806,1.0,27.0,1.2594879865646362,0.0020008680876344442,-0.18040308356285095,0.010836366564035416
1175,282000,0.9555555626749992,1.0000000074505806,0.9555555555555555,25.8,1.2895338535308838,0.0036458878312259912,-0.16379043459892273,0.011064276099205017
1180,283200,0.9814814887940884,1.0000000074505806,0.9814814814814815,26.5,1.2690517902374268,0.003830868285149336,-0.05786614492535591,0.009725591167807579
1185,284400,0.9259259328246117,1.0000000074505806,0.9259259259259259,25.0,1.2707713842391968,0.0058234985917806625,-0.18911243975162506,0.006510091945528984
1190,285600,1.0000000074505806,1.0000000074505806,1.0,27.0,1.372685432434082,0.002724811900407076,-0.02865433692932129,0.012104838155210018
1195,286800,1.0000000074505806,1.0000000074505806,1.0,27.0,1.2539451122283936,0.0031668252777308226,-0.11793078482151031,0.01975979469716549
1200,288000,1.0000000074505806,1.0000000074505806,1.0,27.0,1.2451776266098022,0.0026025078259408474,-0.09640305489301682,0.02246677689254284
1205,289200,1.0000000074505806,1.0000000074505806,1.0,27.0,1.2351430654525757,0.0033751195296645164,0.06761843711137772,0.010348565876483917
1210,290400,1.0000000074505806,1.0000000074505806,1.0,27.0,1.3440502882003784,0.0025074982549995184,0.04443784058094025,0.014167821034789085
1215,291600,1.0000000074505806,1.0000000074505806,1.0,27.0,1.3376314640045166,0.0015179736074060202,0.018415480852127075,0.024311864748597145
1220,292800,1.0000000074505806,1.0000000074505806,1.0,27.0,1.261338472366333,0.001399403903633356,0.11308395117521286,0.01621304638683796
1225,294000,1.0000000074505806,1.0000000074505806,1.0,27.0,1.2121915817260742,0.0017165367025882006,-0.003274377202615142,0.019322963431477547
1230,295200,0.9925925999879837,1.0000000074505806,0.9925925925925926,26.8,1.2392196655273438,0.001982951769605279,-0.16275714337825775,0.012932154349982738
1235,296400,1.0000000074505806,1.0000000074505806,1.0,27.0,1.2635252475738525,0.0023776707239449024,-0.07678656280040741,0.011555422097444534
1240,297600,1.0000000074505806,1.0000000074505806,1.0,27.0,1.1923925876617432,0.0025257484521716833,-0.01760946959257126,0.015003013424575329
1245,298800,1.0000000074505806,1.0000000074505806,1.0,27.0,1.2555158138275146,0.002174512017518282,-0.06414321064949036,0.014916918240487576
1250,300000,0.9777777850627899,1.0000000074505806,0.9777777777777779,26.4,1.3301076889038086,0.0024981158785521984,-0.121391661465168,0.010587730444967747
1255,301200,1.0000000074505806,1.0000000074505806,1.0,27.0,1.2828279733657837,0.002200487069785595,-0.13044433295726776,0.011455576866865158
1260,302400,1.0000000074505806,1.0000000074505806,1.0,27.0,1.2266178131103516,0.0019686860032379627,-0.13109226524829865,0.014252946712076664
1265,303600,1.0000000074505806,1.0000000074505806,1.0,27.0,1.2625293731689453,0.002205486176535487,-0.03701592981815338,0.012209516949951649
1270,304800,1.0000000074505806,1.0000000074505806,1.0,27.0,1.2884058952331543,0.002000870183110237,-0.006053038407117128,0.0198958870023489
1275,306000,1.0000000074505806,1.0000000074505806,1.0,27.0,1.20973801612854,0.004897203762084246,-0.04757281020283699,0.017877452075481415
1280,307200,0.9814814887940884,1.0000000074505806,0.9814814814814815,26.5,1.1869397163391113,0.005289542488753796,-0.008653055876493454,0.01604463905096054
1285,308400,0.9814814887940884,1.0000000074505806,0.9814814814814815,26.5,1.1041961908340454,0.006312746088951826,0.058864202350378036,0.019127333536744118
1290,309600,1.0000000074505806,1.0000000074505806,1.0,27.0,1.1935865879058838,0.0034929667599499226,0.12804189324378967,0.01807212270796299
1295,310800,1.0000000074505806,1.0000000074505806,1.0,27.0,1.2117291688919067,0.0028714612126350403,0.02009296417236328,0.01779358834028244
1300,312000,0.9888888962566853,1.0000000074505806,0.9888888888888889,26.7,1.1887930631637573,0.002297299448400736,-0.11610603332519531,0.01990807242691517
1305,313200,1.0000000074505806,1.0000000074505806,1.0,27.0,1.149930477142334,0.0029187581967562437,-0.011486263945698738,0.02705174870789051
1310,314400,0.9925925999879837,1.0000000074505806,0.9925925925925926,26.8,1.17210853099823,0.0030957383569329977,0.014773348346352577,0.023301811888813972
1315,315600,1.0000000074505806,1.0000000074505806,1.0,27.0,1.2216122150421143,0.0022411991376429796,-0.10563265532255173,0.020330429077148438
1320,316800,1.0000000074505806,1.0000000074505806,1.0,27.0,1.190016269683838,0.001949597499333322,-0.07628067582845688,0.023433756083250046
1325,318000,1.0000000074505806,1.0000000074505806,1.0,27.0,1.1814366579055786,0.0014759352197870612,-0.09860029071569443,0.020621592178940773
1330,319200,1.0000000074505806,1.0000000074505806,1.0,27.0,1.1493778228759766,0.001291628577746451,0.03877510875463486,0.024475999176502228
1335,320400,1.0000000074505806,1.0000000074505806,1.0,27.0,1.1891453266143799,0.0013947474071756005,0.10348259657621384,0.02228022739291191
1340,321600,1.0000000074505806,1.0000000074505806,1.0,27.0,1.0505226850509644,0.002400722587481141,-0.050625283271074295,0.027674760669469833
1345,322800,0.9740740813314914,1.0000000074505806,0.9740740740740741,26.3,1.0350072383880615,0.004402001388370991,0.04361208900809288,0.03429045528173447
1350,324000,1.0000000074505806,1.0000000074505806,1.0,27.0,1.0342754125595093,0.0028568936977535486,-0.09078014642000198,0.021751046180725098
1355,325200,1.0000000074505806,1.0000000074505806,1.0,27.0,1.0576915740966797,0.003151044948026538,-0.07226261496543884,0.017289215698838234
1360,326400,1.0000000074505806,1.0000000074505806,1.0,27.0,1.1797215938568115,0.0033706570975482464,-0.15512123703956604,0.014994286000728607
1365,327600,1.0000000074505806,1.0000000074505806,1.0,27.0,1.0300543308258057,0.0025699809193611145,-0.17143650352954865,0.02167559787631035
1370,328800,0.7666666723787785,1.0000000074505806,0.7666666666666667,20.7,1.0148203372955322,0.07332134246826172,-0.20456619560718536,0.023895621299743652
1375,330000,1.0000000074505806,1.0000000074505806,1.0,27.0,1.0836691856384277,0.002760872710496187,-0.24885176122188568,0.021235045045614243
1380,331200,0.9814814887940884,1.0000000074505806,0.9814814814814815,26.5,1.2286237478256226,0.002435125643387437,-0.20584814250469208,0.019702507182955742
1385,332400,1.0000000074505806,1.0000000074505806,1.0,27.0,1.1796793937683105,0.0022384217008948326,0.13539619743824005,0.025136495009064674
1390,333600,0.9814814887940884,1.0000000074505806,0.9814814814814815,26.5,1.0743488073349,0.002873888472095132,-0.024709340184926987,0.03494919091463089
1395,334800,1.0000000074505806,1.0000000074505806,1.0,27.0,1.0571913719177246,0.0015879574930295348,0.14779123663902283,0.031569723039865494
1400,336000,1.0000000074505806,1.0000000074505806,1.0,27.0,1.1981432437896729,0.0025390770751982927,-0.04796946048736572,0.018581271171569824
1405,337200,1.0000000074505806,1.0000000074505806,1.0,27.0,1.170831561088562,0.001345597906038165,-0.09112390130758286,0.021749017760157585
1410,338400,1.0000000074505806,1.0000000074505806,1.0,27.0,1.1507184505462646,0.0017242797184735537,-0.03303228318691254,0.027897682040929794
1415,339600,1.0000000074505806,1.0000000074505806,1.0,27.0,1.1064985990524292,0.001097909640520811,0.015688586980104446,0.026744211092591286
1420,340800,1.0000000074505806,1.0000000074505806,1.0,27.0,1.1155784130096436,0.0015936067793518305,-0.14072483777999878,0.019363513216376305
1425,342000,0.9629629701375961,1.0000000074505806,0.962962962962963,26.0,1.1285138130187988,0.005988390650600195,-0.0881139263510704,0.01846657693386078
1430,343200,1.0000000074505806,1.0000000074505806,1.0,27.0,1.0512794256210327,0.0019877273589372635,-0.1681578904390335,0.01644144393503666
1435,344400,1.0000000074505806,1.0000000074505806,1.0,27.0,1.0480798482894897,0.0023752516135573387,-0.09373720735311508,0.02065221220254898
1440,345600,0.9777777850627899,1.0000000074505806,0.9777777777777779,26.4,1.057013750076294,0.002567817224189639,0.016316333785653114,0.01787891797721386
1445,346800,1.0000000074505806,1.0000000074505806,1.0,27.0,1.09225594997406,0.002552315592765808,0.012581695802509785,0.015677105635404587
1450,348000,1.0000000074505806,1.0000000074505806,1.0,27.0,1.1791467666625977,0.002755783498287201,0.13215862214565277,0.01912570931017399
1455,349200,1.0000000074505806,1.0000000074505806,1.0,27.0,1.0996911525726318,0.0018963475013151765,0.1138060912489891,0.027513666078448296
1460,350400,1.0000000074505806,1.0000000074505806,1.0,27.0,1.0992604494094849,0.001708728028461337,0.00275035691447556,0.026908554136753082
1465,351600,0.9888888962566853,1.0000000074505806,0.9888888888888889,26.7,1.237789511680603,0.0027068634517490864,0.07486798614263535,0.008861248381435871
1470,352800,1.0000000074505806,1.0000000074505806,1.0,27.0,1.2431153059005737,0.002798862988129258,0.06926097720861435,0.010700133629143238
1475,354000,1.0000000074505806,1.0000000074505806,1.0,27.0,1.1574981212615967,0.002579763298854232,0.1345992088317871,0.010705677792429924
1480,355200,0.9666666738688946,1.0000000074505806,0.9666666666666666,26.1,1.1687015295028687,0.006197823211550713,-0.037837229669094086,0.01023942045867443
1485,356400,0.9814814887940884,1.0000000074505806,0.9814814814814815,26.5,1.2002136707305908,0.004668277222663164,-0.04349786043167114,0.006993476767092943
1490,357600,1.0000000074505806,1.0000000074505806,1.0,27.0,1.168999433517456,0.004809460137039423,0.009515225887298584,0.0075342170894145966
1495,358800,0.9851851925253868,1.0000000074505806,0.9851851851851852,26.6,1.235067367553711,0.0030642293859273195,-0.08220045268535614,0.012887264601886272
1500,360000,1.0000000074505806,1.0000000074505806,1.0,27.0,1.123558521270752,0.00358179840259254,-0.12460064888000488,0.016424478963017464
1505,361200,1.0000000074505806,1.0000000074505806,1.0,27.0,1.0698037147521973,0.005038436967879534,-0.24709516763687134,0.012885918840765953
1510,362400,1.0000000074505806,1.0000000074505806,1.0,27.0,1.1603949069976807,0.004965412430465221,-0.16399958729743958,0.009259379468858242
1515,363600,0.9925925999879837,1.0000000074505806,0.9925925925925926,26.8,1.139725923538208,0.004926779773086309,-0.04123661667108536,0.01018252968788147
1520,364800,1.0000000074505806,1.0000000074505806,1.0,27.0,1.1576852798461914,0.002953882794827223,-0.15838156640529633,0.013277152553200722
1525,366000,1.0000000074505806,1.0000000074505806,1.0,27.0,1.222808837890625,0.003347462508827448,0.08203475922346115,0.011453943327069283
1530,367200,1.0000000074505806,1.0000000074505806,1.0,27.0,1.2275948524475098,0.004038611426949501,0.0547938197851181,0.007528246846050024
1535,368400,1.0000000074505806,1.0000000074505806,1.0,27.0,1.256887674331665,0.0023344955407083035,0.0749005600810051,0.010630716569721699
1540,369600,1.0000000074505806,1.0000000074505806,1.0,27.0,1.246042013168335,0.0040710498578846455,-0.036055516451597214,0.017351437360048294
1545,370800,0.9444444514811039,1.0000000074505806,0.9444444444444444,25.5,1.2148689031600952,0.006811542436480522,-0.011423556134104729,0.012055758386850357
1550,372000,1.0000000074505806,1.0000000074505806,1.0,27.0,1.2406866550445557,0.004621271509677172,0.02186523750424385,0.018110236153006554
1555,373200,1.0000000074505806,1.0000000074505806,1.0,27.0,1.2456934452056885,0.005342090968042612,0.03117191791534424,0.016152258962392807
1560,374400,1.0000000074505806,1.0000000074505806,1.0,27.0,1.1830239295959473,0.003910047002136707,-0.07017697393894196,0.011436082422733307
1565,375600,1.0000000074505806,1.0000000074505806,1.0,27.0,1.1270177364349365,0.003145631868392229,-0.015019718557596207,0.01687120832502842
1570,376800,1.0000000074505806,1.0000000074505806,1.0,27.0,0.9370806217193604,0.0026111307088285685,0.021021457388997078,0.02169196866452694
1575,378000,0.9592592664062977,1.0000000074505806,0.9592592592592591,25.9,0.9001160860061646,0.005716514308005571,-0.020489173009991646,0.017587874084711075
1580,379200,1.0000000074505806,1.0000000074505806,1.0,27.0,0.8792738914489746,0.0017804930685088038,0.01095112320035696,0.015038561075925827
1585,380400,1.0000000074505806,1.0000000074505806,1.0,27.0,0.963471531867981,0.002529068849980831,0.1492701917886734,0.023340651765465736
1590,381600,1.0000000074505806,1.0000000074505806,1.0,27.0,0.979710578918457,0.0037400247529149055,0.12158889323472977,0.016046322882175446
1595,382800,1.0000000074505806,1.0000000074505806,1.0,27.0,1.1658412218093872,0.0045130280777812,-0.10093403607606888,0.020271005108952522
1600,384000,1.0000000074505806,1.0000000074505806,1.0,27.0,1.1358972787857056,0.004464603029191494,0.017862439155578613,0.01791411265730858
1605,385200,0.9851851925253868,1.0000000074505806,0.9851851851851852,26.6,1.1927852630615234,0.005199605133384466,-0.05966806411743164,0.01432386040687561
1610,386400,1.0000000074505806,1.0000000074505806,1.0,27.0,1.218696117401123,0.005333832465112209,-0.07597178965806961,0.009257130324840546
1615,387600,1.0000000074505806,1.0000000074505806,1.0,27.0,1.105786681175232,0.00416082376614213,0.1193137988448143,0.01078829076141119
1620,388800,1.0000000074505806,1.0000000074505806,1.0,27.0,1.2092496156692505,0.0020182584412395954,-0.01451189536601305,0.01633475534617901
1625,390000,1.0000000074505806,1.0000000074505806,1.0,27.0,1.2063701152801514,0.004001893103122711,-0.12438008189201355,0.01802763342857361
1630,391200,0.9259259328246117,1.0000000074505806,0.9259259259259259,25.0,1.304628610610962,0.004844266455620527,-0.02625974826514721,0.011665851809084415
1635,392400,1.0000000074505806,1.0000000074505806,1.0,27.0,1.2340235710144043,0.003667884273454547,-0.12776438891887665,0.012005697935819626
1640,393600,0.9629629701375961,1.0000000074505806,0.962962962962963,26.0,1.2009366750717163,0.007567992899566889,-0.020055213943123817,0.015691693872213364
1645,394800,1.0000000074505806,1.0000000074505806,1.0,27.0,1.1788989305496216,0.004345186520367861,-0.10975278913974762,0.026562562212347984
1650,396000,1.0000000074505806,1.0000000074505806,1.0,27.0,1.116279125213623,0.0036149010993540287,-0.04892491549253464,0.02178250066936016
1655,397200,1.0000000074505806,1.0000000074505806,1.0,27.0,1.081947922706604,0.0060762376524508,0.12486982345581055,0.010420807637274265
1660,398400,1.0000000074505806,1.0000000074505806,1.0,27.0,0.9312534332275391,0.00864384789019823,-0.02745136432349682,0.00903095118701458
1665,399600,1.0000000074505806,1.0000000074505806,1.0,27.0,0.865475594997406,0.014410634525120258,-0.1115434318780899,0.016769057139754295
1670,400800,1.0000000074505806,1.0000000074505806,1.0,27.0,0.9383651614189148,0.010175925679504871,-0.1509556770324707,0.028201229870319366
1675,402000,0.9444444514811039,1.0000000074505806,0.9444444444444444,25.5,0.9731897711753845,0.011861687526106834,-0.22108373045921326,0.013140260241925716
1680,403200,1.0000000074505806,1.0000000074505806,1.0,27.0,0.9779135584831238,0.014173675328493118,0.005233077332377434,0.024419961497187614
1685,404400,0.9740740813314914,1.0000000074505806,0.9740740740740741,26.3,0.9539833068847656,0.004150770138949156,0.022823341190814972,0.017257990315556526
1690,405600,0.9444444514811039,1.0000000074505806,0.9444444444444444,25.5,0.8151820302009583,0.014141814783215523,0.09829571098089218,0.01214312668889761
1695,406800,1.0000000074505806,1.0000000074505806,1.0,27.0,0.804924726486206,0.008209317922592163,0.07965242117643356,0.028149550780653954
1700,408000,0.9481481552124024,1.0000000074505806,0.9481481481481481,25.6,0.9013136029243469,0.010203341953456402,0.07599470019340515,0.02069106698036194
1705,409200,1.0000000074505806,1.0000000074505806,1.0,27.0,0.9220401644706726,0.004030941519886255,0.060394298285245895,0.01547248475253582
1710,410400,0.8740740805864334,1.0000000074505806,0.874074074074074,23.6,0.9836695790290833,0.01984664797782898,-0.2468443363904953,0.004960845690220594
1715,411600,0.9666666738688946,1.0000000074505806,0.9666666666666666,26.1,0.9447829127311707,0.00852777436375618,-0.19451408088207245,0.00932121928781271
1720,412800,1.0000000074505806,1.0000000074505806,1.0,27.0,0.9195921421051025,0.00417451374232769,-0.09325478971004486,0.00796527974307537
5,1200,5.703703516721726,5.9259257316589355,0.5703703703703703,15.4,2.859890937805176,3.182685136795044,0.03482605516910553,0.0099716205149889
10,2400,4.333333191275597,4.25925911962986,0.4333333333333333,11.7,2.8274221420288086,6.251571178436279,0.007375637535005808,0.006752816028892994
15,3600,5.148147979378701,4.444444298744202,0.5148148148148148,13.9,2.764116048812866,18.4869441986084,-0.025348344817757607,0.006716685835272074
20,4800,4.148148012161255,4.074073940515518,0.4148148148148148,11.2,2.8392810821533203,3.6669771671295166,-0.012358872219920158,0.007754632271826267
25,6000,5.629629445075989,6.111110910773277,0.562962962962963,15.2,2.8734548091888428,1.9116767644882202,0.006031656172126532,0.011149721220135689
30,7200,4.407407262921334,4.25925911962986,0.44074074074074077,11.9,2.858670711517334,2.987952709197998,0.023619381710886955,0.007876385934650898
35,8400,5.703703516721726,5.740740552544594,0.5703703703703704,15.4,2.8437657356262207,2.674741506576538,-0.013649670407176018,0.00817831326276064
40,9600,5.703703516721726,5.555555373430252,0.5703703703703703,15.4,2.873993396759033,1.5258870124816895,0.019774675369262695,0.00939265452325344
45,10800,4.444444298744202,4.629629477858543,0.44444444444444436,12.0,2.865999698638916,1.9180909395217896,-0.014787260442972183,0.008997942321002483
50,12000,5.148147979378701,4.999999836087227,0.5148148148148148,13.9,2.8628978729248047,2.66243839263916,0.021486695855855942,0.008098343387246132
55,13200,4.92592576444149,5.185185015201569,0.4925925925925926,13.3,2.8374743461608887,1.5992528200149536,0.01745203509926796,0.011146665550768375
60,14400,5.111110943555832,4.999999836087227,0.5111111111111111,13.8,2.8766026496887207,1.5681062936782837,0.003367392113432288,0.007754378952085972
65,15600,4.592592442035675,3.8888887614011765,0.45925925925925926,12.4,2.8716678619384766,1.6310629844665527,0.00721270265057683,0.006607252638787031
70,16800,4.70370354950428,4.629629477858543,0.47037037037037044,12.7,2.8672680854797363,1.1911754608154297,0.014046414755284786,0.007967084646224976
75,18000,4.333333191275597,4.629629477858543,0.4333333333333334,11.7,2.8717288970947266,1.020932674407959,0.010593573562800884,0.007562797050923109
80,19200,5.37037019431591,5.185185015201569,0.537037037037037,14.5,2.88116717338562,0.5908089280128479,-0.005414088722318411,0.009337079711258411
85,20400,4.851851692795753,4.629629477858543,0.4851851851851851,13.1,2.8660387992858887,1.0610237121582031,0.013271450996398926,0.009853395633399487
90,21600,5.37037019431591,5.555555373430252,0.537037037037037,14.5,2.8450989723205566,0.8146511316299438,0.018134737387299538,0.010055135935544968
95,22800,5.074073907732964,5.740740552544594,0.5074074074074074,13.7,2.8648600578308105,0.8804914951324463,-0.013764842413365841,0.008277865126729012
100,24000,4.740740585327148,4.814814656972885,0.47407407407407404,12.8,2.866436004638672,0.5263039469718933,0.0018343051197007298,0.0068808612413704395
105,25200,4.592592442035675,4.629629477858543,0.45925925925925926,12.4,2.8464040756225586,1.1640560626983643,-0.040709223598241806,0.010993879288434982
110,26400,4.5185183703899385,4.629629477858543,0.45185185185185184,12.2,2.8416748046875,1.3344780206680298,-0.01842392235994339,0.012810408137738705
115,27600,5.037036871910095,5.37037019431591,0.5037037037037038,13.6,2.8693621158599854,0.7245513200759888,-0.015315087512135506,0.007789719384163618
120,28800,5.037036871910095,4.999999836087227,0.5037037037037038,13.6,2.8614680767059326,0.4560168385505676,0.009645086713135242,0.008931118994951248
125,30000,3.8888887614011765,4.25925911962986,0.3888888888888889,10.5,2.857968330383301,0.7305041551589966,0.018540525808930397,0.005503474734723568
130,31200,4.740740585327148,4.629629477858543,0.47407407407407404,12.8,2.8627350330352783,0.6553544998168945,-0.028689909726381302,0.006739940494298935
135,32400,4.888888728618622,4.999999836087227,0.48888888888888893,13.2,2.8316526412963867,0.6947076320648193,-0.0014766375534236431,0.007321078330278397
140,33600,4.962962800264359,4.074073940515518,0.4962962962962963,13.4,2.8217501640319824,0.62461918592453,-0.028428491204977036,0.007895437069237232
145,34800,5.185185015201569,4.814814656972885,0.5185185185185185,14.0,2.8460488319396973,0.5238925218582153,-0.01117604598402977,0.006182484794408083
150,36000,4.444444298744202,4.25925911962986,0.4444444444444445,12.0,2.810523271560669,1.2120686769485474,0.002701791236177087,0.008038398809731007
155,37200,5.666666480898857,5.555555373430252,0.5666666666666667,15.3,2.8218212127685547,0.5842362642288208,0.01694049872457981,0.009671412408351898
160,38400,5.777777588367462,5.740740552544594,0.5777777777777777,15.6,2.813871383666992,0.5250176787376404,0.0005453030462376773,0.009422531351447105
165,39600,5.037036871910095,5.37037019431591,0.5037037037037037,13.6,2.857931613922119,0.5795472264289856,-0.0057687838561832905,0.00429850397631526
170,40800,4.629629477858543,4.074073940515518,0.46296296296296297,12.5,2.8493924140930176,0.5692009329795837,-0.01732640340924263,0.006401909049600363
175,42000,5.074073907732964,5.185185015201569,0.5074074074074073,13.7,2.846646785736084,0.7249472141265869,-0.00825230311602354,0.007022489793598652
180,43200,4.296296155452728,3.8888887614011765,0.4296296296296296,11.6,2.853614568710327,0.7303044199943542,0.01429036445915699,0.0071801976300776005
185,44400,4.629629477858543,4.814814656972885,0.46296296296296297,12.5,2.8560404777526855,0.41325104236602783,0.01639978028833866,0.007462052162736654
190,45600,5.148147979378701,4.999999836087227,0.5148148148148148,13.9,2.868201494216919,0.5122186541557312,-0.0018061320297420025,0.007066960446536541
195,46800,5.444444265961647,4.814814656972885,0.5444444444444445,14.7,2.854849338531494,0.6097255945205688,0.01078084483742714,0.010016197338700294
200,48000,5.2592590868473055,4.999999836087227,0.5259259259259259,14.2,2.8589015007019043,0.47524723410606384,-0.015918230637907982,0.008874934166669846
205,49200,4.592592442035675,4.629629477858543,0.45925925925925914,12.4,2.8632378578186035,0.9669482111930847,0.017945297062397003,0.006440516095608473
210,50400,6.370370161533356,6.6666664481163025,0.6370370370370371,17.2,2.8444809913635254,0.8054993152618408,-0.025694195181131363,0.010828846134245396
215,51600,6.259259054064751,5.9259257316589355,0.625925925925926,16.9,2.7447121143341064,0.7892817258834839,-0.0388849638402462,0.013586064800620079
220,52800,5.8888886958360676,5.555555373430252,0.588888888888889,15.9,2.8110883235931396,0.3633228838443756,0.0033555030822753906,0.009877395816147327
225,54000,5.37037019431591,5.37037019431591,0.537037037037037,14.5,2.8247828483581543,0.5240465402603149,0.009481112472712994,0.007314300164580345
230,55200,5.59259240925312,5.37037019431591,0.5592592592592591,15.1,2.827270030975342,0.27211323380470276,0.0025631189346313477,0.005687064491212368
235,56400,4.888888728618622,4.999999836087227,0.4888888888888888,13.2,2.839325428009033,0.42644354701042175,-0.039619144052267075,0.0031428274232894182
240,57600,5.074073907732964,5.185185015201569,0.5074074074074074,13.7,2.8083128929138184,0.8102827072143555,-0.019245998933911324,0.008794507011771202
245,58800,5.2962961226701735,4.814814656972885,0.5296296296296296,14.3,2.8065390586853027,0.40432608127593994,-0.06615715473890305,0.005979541689157486
250,60000,6.481481269001961,6.481481269001961,0.6481481481481481,17.5,2.771548271179199,0.3826088607311249,-0.04010593146085739,0.009104651398956776
255,61200,6.296296089887619,6.296296089887619,0.6296296296296295,17.0,2.723956823348999,0.6152083277702332,-0.06039216369390488,0.009969853796064854
260,62400,4.962962800264359,4.814814656972885,0.49629629629629635,13.4,2.7389845848083496,0.9814931154251099,-0.061095379292964935,0.006304619368165731
265,63600,5.555555373430252,5.555555373430252,0.5555555555555556,15.0,2.7399487495422363,0.5856027007102966,0.02500605583190918,0.004272729158401489
270,64800,5.666666480898857,5.740740552544594,0.5666666666666667,15.3,2.7483222484588623,0.49191009998321533,0.0003741582331713289,0.0059176599606871605
275,66000,5.037036871910095,4.629629477858543,0.5037037037037037,13.6,2.761251926422119,0.6669967174530029,-0.04384169727563858,0.0061546494252979755
280,67200,6.407407197356224,6.481481269001961,0.6407407407407407,17.3,2.76230525970459,0.434262752532959,-0.035708650946617126,0.00784817524254322
285,68400,5.814814624190331,5.185185015201569,0.5814814814814815,15.7,2.733717918395996,0.8287003040313721,0.008383163250982761,0.005968193989247084
290,69600,6.03703683912754,6.296296089887619,0.6037037037037037,16.3,2.6899638175964355,0.59820157289505,-0.07992326468229294,0.008927480317652225
295,70800,6.407407197356224,6.296296089887619,0.6407407407407408,17.3,2.7020535469055176,0.750173032283783,-0.0597652941942215,0.008487340062856674
300,72000,5.777777588367462,5.740740552544594,0.5777777777777778,15.6,2.6972429752349854,0.6546194553375244,-0.08298274874687195,0.006496188696473837
305,73200,6.740740519762039,6.296296089887619,0.674074074074074,18.2,2.6744401454925537,0.2996419370174408,-0.0496821328997612,0.008231495507061481
310,74400,6.6666664481163025,6.481481269001961,0.6666666666666666,18.0,2.6955087184906006,0.39607688784599304,-0.07753987610340118,0.006671381648629904
315,75600,6.222222018241882,6.481481269001961,0.6222222222222221,16.8,2.611819267272949,0.7019157409667969,-0.04825366288423538,0.004645185545086861
320,76800,6.370370161533356,6.481481269001961,0.6370370370370371,17.2,2.598454475402832,0.4806487262248993,-0.0339379757642746,0.00875279400497675
325,78000,6.592592376470566,6.296296089887619,0.6592592592592593,17.8,2.6196932792663574,0.34687140583992004,0.027168290689587593,0.006736940238624811
330,79200,5.9259257316589355,5.740740552544594,0.5925925925925927,16.0,2.683711051940918,0.3005112409591675,-0.018544252961874008,0.005530679598450661
335,80400,6.444444233179093,6.481481269001961,0.6444444444444444,17.4,2.6118452548980713,0.577673614025116,-0.046748533844947815,0.010202378034591675
340,81600,6.222222018241882,6.296296089887619,0.6222222222222222,16.8,2.6641225814819336,0.3977489769458771,-0.01235351525247097,0.005518733058124781
345,82800,6.999999770522118,7.222221985459328,0.7,18.9,2.5635554790496826,0.3359578847885132,0.019240569323301315,0.009641335345804691
350,84000,5.2962961226701735,4.999999836087227,0.5296296296296296,14.3,2.626844882965088,0.5651583075523376,-0.051117103546857834,0.005043467041105032
355,85200,5.999999803304672,5.740740552544594,0.5999999999999999,16.2,2.6265416145324707,0.2604847550392151,-0.08379487693309784,0.006404711864888668
360,86400,6.518518304824829,6.6666664481163025,0.6518518518518519,17.6,2.5984232425689697,0.33259278535842896,-0.0808652862906456,0.005573157221078873
365,87600,6.555555340647698,6.6666664481163025,0.6555555555555556,17.7,2.5674803256988525,0.31486403942108154,-0.02693020924925804,0.007956561632454395
370,88800,7.259259021282196,6.851851627230644,0.725925925925926,19.6,2.515291690826416,0.4449404180049896,-0.02713971585035324,0.008598534390330315
375,90000,5.555555373430252,5.37037019431591,0.5555555555555556,15.0,2.5592193603515625,0.6137193441390991,-0.05751287192106247,0.005111833103001118
380,91200,6.259259054064751,6.296296089887619,0.625925925925926,16.9,2.523010492324829,0.3001064956188202,-0.046573322266340256,0.004891419783234596
385,92400,6.6296294122934345,6.6666664481163025,0.6629629629629629,17.9,2.5118203163146973,0.32797569036483765,-0.07331112027168274,0.007644630502909422
390,93600,5.9629627674818035,5.555555373430252,0.5962962962962963,16.1,2.4884729385375977,0.6088135838508606,-0.05181851238012314,0.006538099143654108
395,94800,5.9259257316589355,6.111110910773277,0.5925925925925927,16.0,2.5104565620422363,0.469181627035141,-0.09209661185741425,0.003809211775660515
400,96000,6.7037034839391705,6.6666664481163025,0.6703703703703704,18.1,2.5265932083129883,0.24655231833457947,-0.069402314722538,0.005521510262042284
405,97200,7.148147913813591,7.407407164573669,0.7148148148148147,19.3,2.4653284549713135,0.23840147256851196,0.015091256238520145,0.007500781677663326
410,98400,7.333333092927933,7.037036806344986,0.7333333333333333,19.8,2.408864974975586,0.3851761817932129,-0.10154997557401657,0.008309577591717243
415,99600,6.6296294122934345,6.851851627230644,0.662962962962963,17.9,2.450252056121826,0.5721508264541626,-0.02468585968017578,0.0055907913483679295
420,100800,7.518518272042274,7.037036806344986,0.7518518518518519,20.3,2.413465976715088,0.3341498374938965,0.08373897522687912,0.009027493186295033
425,102000,6.777777555584907,7.037036806344986,0.6777777777777778,18.3,2.446855068206787,0.2826734483242035,0.09162496030330658,0.004597213119268417
430,103200,5.999999803304672,6.481481269001961,0.6,16.2,2.523543119430542,0.4578084349632263,-0.12721233069896698,0.0046104867942631245
435,104400,6.185184982419014,6.6666664481163025,0.6185185185185185,16.7,2.4758129119873047,0.44812867045402527,-0.038253989070653915,0.004189671017229557
440,105600,6.777777555584907,6.296296089887619,0.6777777777777777,18.3,2.418459415435791,0.514672577381134,-0.020253650844097137,0.007201263681054115
445,106800,7.148147913813591,7.037036806344986,0.7148148148148149,19.3,2.4306159019470215,0.3200836181640625,0.07725098729133606,0.009645810350775719
450,108000,7.518518272042274,7.037036806344986,0.7518518518518518,20.3,2.4049339294433594,0.48284509778022766,0.07426603138446808,0.009292871691286564
455,109200,6.740740519762039,7.037036806344986,0.674074074074074,18.2,2.462273597717285,1.3460146188735962,-0.021526988595724106,0.005373453721404076
460,110400,8.03703677356243,8.148147881031036,0.8037037037037036,21.7,2.4053168296813965,0.24861648678779602,-0.01102604903280735,0.007768141571432352
465,111600,7.666666415333748,7.407407164573669,0.7666666666666667,20.7,2.3344860076904297,0.2943333387374878,-0.1259215623140335,0.0073731429874897
470,112800,6.888888663053512,7.592592343688011,0.6888888888888889,18.6,2.4101943969726562,0.39685437083244324,-0.07240138947963715,0.007312654051929712
475,114000,7.222221985459328,6.851851627230644,0.7222222222222222,19.5,2.3034911155700684,0.31725507974624634,0.01215373631566763,0.011702481657266617
480,115200,7.888888630270958,7.592592343688011,0.788888888888889,21.3,2.270329475402832,0.44277524948120117,0.04252637177705765,0.010032139718532562
485,116400,7.037036806344986,7.037036806344986,0.7037037037037036,19.0,2.302550792694092,0.8189009428024292,-0.04988034442067146,0.01061398908495903
490,117600,7.814814558625221,7.592592343688011,0.7814814814814814,21.1,2.280025005340576,0.327515184879303,-0.09134399145841599,0.008430346846580505
495,118800,8.51851823925972,8.703703418374062,0.8518518518518519,23.0,2.090283155441284,0.24350285530090332,-0.14022321999073029,0.015115426853299141
500,120000,7.222221985459328,6.851851627230644,0.7222222222222222,19.5,2.160749912261963,0.289164274930954,-0.21800349652767181,0.009401807561516762
505,121200,7.222221985459328,6.481481269001961,0.7222222222222222,19.5,2.289384365081787,0.6189470887184143,-0.07739836722612381,0.009001195430755615
510,122400,8.148147881031036,8.148147881031036,0.8148148148148149,22.0,2.041301727294922,0.4167199730873108,0.1541709303855896,0.011454060673713684
515,123600,8.222221952676772,7.962962701916695,0.8222222222222223,22.2,2.0955617427825928,0.2345801740884781,0.1395689696073532,0.014881104230880737
520,124800,8.96296266913414,9.074073776602745,0.8962962962962961,24.2,1.97299325466156,0.2538738548755646,-0.15796297788619995,0.018009237945079803
525,126000,8.592592310905456,8.333333060145378,0.8592592592592592,23.2,1.769762396812439,0.1829550415277481,-0.2134605497121811,0.020943792536854744
530,127200,8.29629602432251,8.703703418374062,0.8296296296296297,22.4,1.8550825119018555,0.49472373723983765,-0.2447471022605896,0.0221007838845253
535,128400,8.96296266913414,8.888888597488403,0.8962962962962961,24.2,1.8112373352050781,0.44934436678886414,0.0659777969121933,0.018334290012717247
540,129600,7.999999737739563,8.703703418374062,0.8,21.6,1.9054251909255981,0.8140391111373901,-0.02013888768851757,0.015373480506241322
545,130800,9.999999672174454,9.999999672174454,1.0,27.0,1.5724050998687744,0.11879003793001175,-0.16872750222682953,0.020675823092460632
550,132000,8.925925633311271,8.888888597488403,0.8925925925925926,24.1,1.7355815172195435,0.2823401093482971,0.00872205849736929,0.012970578856766224
555,133200,8.888888597488403,9.999999672174454,0.888888888888889,24.0,1.8395545482635498,0.4730019271373749,-0.24475686252117157,0.011822660453617573
560,134400,8.703703418374062,9.444444134831429,0.8703703703703702,23.5,1.6697759628295898,0.4050174355506897,-0.28311797976493835,0.027750100940465927
565,135600,8.999999704957009,9.999999672174454,0.9,24.3,1.678203821182251,0.1467149555683136,-0.0018456578254699707,0.02857021614909172
570,136800,8.222221952676772,9.999999672174454,0.8222222222222222,22.2,1.8813059329986572,0.801960289478302,-0.17023378610610962,0.018497997894883156
575,138000,9.62962931394577,9.999999672174454,0.962962962962963,26.0,1.8762876987457275,0.21525047719478607,0.403807133436203,0.020326664671301842
580,139200,9.592592278122902,9.999999672174454,0.9592592592592591,25.9,1.713228702545166,0.11492971330881119,-0.14838193356990814,0.03329544886946678
585,140400,9.518518206477165,9.999999672174454,0.9518518518518517,25.7,1.6641077995300293,0.40345853567123413,-0.3858846127986908,0.028572389855980873
590,141600,9.111110812425613,9.444444134831429,0.9111111111111111,24.6,1.6791342496871948,0.15918976068496704,-0.13175497949123383,0.02170608565211296
595,142800,9.999999672174454,9.999999672174454,1.0,27.0,1.4396761655807495,0.22037450969219208,-0.4619795083999634,0.03884485363960266
600,144000,9.999999672174454,9.999999672174454,1.0,27.0,1.5086411237716675,0.21661370992660522,-0.08584458380937576,0.026405395939946175
605,145200,9.999999672174454,9.999999672174454,1.0,27.0,1.6597256660461426,0.25804010033607483,0.5581542253494263,0.023838771507143974
610,146400,9.703703385591506,9.999999672174454,0.9703703703703704,26.2,1.6200447082519531,0.16374197602272034,0.30093148350715637,0.02481580711901188
